0,1,2,3,4,5,6,7,8,9,10,11,12,13,14,15,16,17,18,19,20,21,22,23,24,25,26,27,28,29,30,31,32,33,34,35,36,37,38,39,40,41,42,43,44,45,46,47,48,49,label
0.8595813379539983,0.12699603301426587,0.7390361251532269,0.20441494617845635,0.1795834636053516,0.043722267076517496,0.2927185023784238,0.7179213394691442,0.8701628154407457,0.5105919448963543,0.316760139500434,0.7685268331835775,0.18137583127583645,0.35870019737904957,0.9108927306206027,0.5117651490199916,0.11439346315687615,0.6743910680263614,0.793983086692354,0.5628831580929926,0.4360391209643747,0.0687126294834749,0.9586279048914434,0.7784881985383585,0.9085037285462518,0.06003882113629555,0.8896622114404206,0.559243940562315,0.9951902145541265,0.6764243990189316,0.7576641863935869,0.9520677822051993,0.5431847987627654,0.7723534892619565,0.43995389512678007,0.7658985111775874,0.23148647002344003,0.8954816696999529,0.8934513366946982,0.36508202034578974,0.6843388959695172,0.5594238081541878,0.48258147587051237,0.4325318222295854,0.24170659782744042,0.4583169693238466,0.6790234629327663,0.45746108216235015,0.8327363728311232,0.48926969461111947,1
0.7998928038575686,0.8631711495056202,0.10749686021366422,0.5485929721925036,0.6612206245287406,0.027631282937279567,0.1816572145929256,0.9315559576846908,0.39085084765901057,0.9093256901304175,0.08187202837954888,0.628154133132584,0.7573095574531256,0.022096750732817583,0.41413359020602136,0.7155678726726385,0.907691177818883,0.29639935158173725,0.11194580520779818,0.24977683733036948,0.6963855280078777,0.37197768111562357,0.07354084933446425,0.6113374919284259,0.4510072341780298,0.2215385468342942,0.9797590502851474,0.6113275746003072,0.9730199315424192,0.7753558757390109,0.7709760552698138,0.5667946811931448,0.9491457167796171,0.3338199295282366,0.47919134557524523,0.4159415337519484,0.10454294031399336,0.10490244274954486,0.9221692563989708,0.43497223314456124,0.6498114050638314,0.12745128499919822,0.7796405659568691,0.38365132016101233,0.7535224115175313,0.5157726212254166,0.2802675519764347,0.13570542683215114,0.16788920208132185,0.9782815081409979,1
0.9194815682872489,0.6974221951122691,0.6512030337118846,0.16169965849569423,0.15620010505376303,0.6902855183171916,0.7725695261266922,0.7194248792470018,0.9988902516433943,0.6572168460358901,0.7375255850342457,0.951399738799738,0.5465289279262117,0.656856836789061,0.8544958848218595,0.1098422069507019,0.9520120210399461,0.6406878571965108,0.032060851515590905,0.4904087506354573,0.7746897045600746,0.8881472924337274,0.5604439231973058,0.7519591637871459,0.08041408420600782,0.10696729488469214,0.014311460007945032,0.08415349135262651,0.9543983789371047,0.3932447808041246,0.4494974616370272,0.3762710777599375,0.21540340407114034,0.5056135446127602,0.5280510964360876,0.5207256358716325,0.43921687103541374,0.5971590312154382,0.7344420190164614,0.6612162929839529,0.6220794727423041,0.6951060730584231,0.1106607985333129,0.06814538628105993,0.6541735251892297,0.5965126209376367,0.32822418841135015,0.2460698304024389,0.651510000056056,0.6475909115836475,0
0.34998678475396294,0.6529428237591093,0.5872161778243004,0.39182958760066056,0.02985469237950955,0.8695074617422013,0.5413544263173401,0.7264434867125201,0.5592903925065429,0.6705591044945762,0.7248899415030254,0.9419933488022411,0.701229898572344,0.622330669627366,0.24903059436579322,0.2704170190250549,0.738053712484024,0.4490733136600895,0.5727591901382496,0.04493028603172433,0.6758466042921792,0.9684537959100986,0.43442238228669494,0.43521743143459846,0.3595952369125086,0.6108238016034739,0.1849502523796983,0.5156632200343318,0.7547227855184241,0.8757309694613916,0.5136031194164964,0.3397142207115518,0.881602290134057,0.00669108512100558,0.9110454180928178,0.5909192390107676,0.25713499436169507,0.9498554534925686,0.6576939742207517,0.7613273072767608,0.4252316563074997,0.4840849200535925,0.5458544119043989,0.381349216895283,0.8180311386969388,0.36828679155728394,0.4906656017227554,0.3614747480962077,0.5049700394167563,0.2325693168061186,0
0.8234665139395164,0.4002798328974294,0.893405098733346,0.8207904104568544,0.8880121856987804,0.3813974407272406,0.7871891320091823,0.4156175200554102,0.20209637118245305,0.9162240160872454,0.00966973516034908,0.030289884591407024,0.2370705928113832,0.152831579530185,0.45933736380558965,0.07999165294029531,0.3632374388446432,0.6796585785559112,0.2021613501571815,0.024968445331211675,0.14237811044280602,0.24570042430867178,0.5608394853475736,0.9895660829191,0.530218059691417,0.041268233841150526,0.1905555667494775,0.18991337474739312,0.41096508974945356,0.22896819987592798,0.2811956226348491,0.22299330735449963,0.08751236368187731,0.688279999843584,0.3154899482738056,0.6203871776199849,0.4690382241028732,0.7348403825944771,0.18140384284139977,0.6641422428980784,0.2857018096203888,0.3524579253242621,0.40860961353690606,0.22778902087071673,0.07691198240707142,0.9845847194170649,0.062212264684871954,0.7132880959734766,0.9875847550713608,0.5055028267154331,0
0.41486718179978743,0.9156469145630829,0.0409847917552445,0.04357995910854595,0.12784395511714997,0.7529101585704137,0.09369861365779186,0.6089713626610045,0.660979195667787,0.2517864601559262,0.2639949877764244,0.9648578955575315,0.3893363853144083,0.14564830049176214,0.38636840547470697,0.663300874878169,0.9220051545607542,0.47359880515302266,0.0942784198138571,0.47328276911728373,0.362153936426023,0.8453011462048594,0.4949135798800517,0.7562098471553568,0.9664996586662483,0.03510333237649721,0.9058407376223045,0.584463639935159,0.645647996777352,0.47212898792837443,0.419126503530052,0.6176907194289468,0.9674712180909527,0.0006656063364994802,0.0026704057615342114,0.769162709651078,0.09419088617102145,0.15740857490281057,0.4167363335753429,0.8288178777425214,0.41594731021992903,0.5751467730083962,0.6151681707036541,0.4327473210626014,0.005905437003397851,0.5888211774420365,0.48576533680532896,0.37074697255367794,0.7839678750699611,0.00573641077424536,0
0.22757362898965783,0.41110209345505555,0.6175987368994522,0.876471983949171,0.45240124736833165,0.23524613309833298,0.22072841525062636,0.023923664821642876,0.8540416359617589,0.6846073987276532,0.49633938538399935,0.8192381469350046,0.6261669397386599,0.2653735141323602,0.7221267948715305,0.6516990033992177,0.4060859431227417,0.8662611845655337,0.5606606846712855,0.06989035683663425,0.9227776924853675,0.0021075944369640665,0.3903723715309553,0.9428187137821344,0.907471430314115,0.7565004590840774,0.9751756118465367,0.12450767420413955,0.14868347254769143,0.429020321565019,0.18523120028639495,0.8879896478780953,0.19205128850625797,0.34641929868386534,0.023933902850916566,0.2115876195059163,0.6354551701121844,0.3337571996175156,0.8446728211883426,0.8890853815944018,0.6310260931091313,0.1215308010769891,0.06586891793948735,0.5903118492101094,0.17094916623962964,0.08212850201379618,0.3630833809795261,0.0866945061141513,0.12611972871886146,0.5210325934534743,1
0.5754191552282094,0.13205570321977422,0.15167921778284732,0.04731995419243762,0.8767807817103683,0.6430075870307166,0.966477468311976,0.4847044458897961,0.4308934886875687,0.22339153816051394,0.21390136919313785,0.5535686204115355,0.09349147120651524,0.42394774895203324,0.6791145556426406,0.0948209876408449,0.14547132793471773,0.1859743469249846,0.8956916701888059,0.8321370814241875,0.05414566030402468,0.44689377604885105,0.3730148807621593,0.8847395253233704,0.9393298316051667,0.8256127396905661,0.21304622268772166,0.11642139561306941,0.3454166495092784,0.10428641365295344,0.12840400369958382,0.7049790280348626,0.2398552295086387,0.7154428882837662,0.5018625512188939,0.7723947374552874,0.8393195641307639,0.27113967029841635,0.709590926571668,0.463475680042315,0.3332863490546023,0.2914539297968701,0.1999996735514773,0.9891622027856405,0.9522552967123687,0.07230198294256729,0.07748615264744974,0.08460758216549202,0.28014421055289407,0.16754004141419454,0
0.7695124483310826,0.10776571472350227,0.18068009423976228,0.8657828607449877,0.10034126204075422,0.381571231315295,0.36448379341492465,0.9285548258927857,0.9646800998957088,0.5239455806187135,0.282384243598117,0.12668826180021164,0.4556852277453586,0.4082530690389824,0.011291318821852303,0.32470095926306874,0.8465158393683532,0.5126323651589934,0.1758096977803354,0.9325277371125209,0.2593269676575095,0.5620731536197521,0.16157457977532075,0.7833442141466134,0.6160527767660541,0.02060214643396241,0.33466499189949006,0.9926112906732374,0.33503827796688845,0.07350418646912671,0.36308190895941794,0.33341599509585795,0.36890802359919395,0.7080224322941423,0.5168743535270459,0.4961366431213291,0.7651111551566699,0.7087421388142948,0.6511672087053316,0.223915605695155,0.7003927689975101,0.5161497977307979,0.1786523870384259,0.25683768335818213,0.5603955772146573,0.6018752066834827,0.2554222042832188,0.08793420072379055,0.6048272177961053,0.6400121636881274,1
0.8475047973619811,0.0794744527722605,0.3380749421342074,0.9161103214253554,0.5810925499969071,0.09859064726452349,0.710965092879566,0.6654481951531558,0.10199581363757615,0.10782295318809132,0.3350573248998989,0.7206587377170619,0.9719943769805105,0.40264556776296734,0.026856021539619634,0.5023673180099054,0.9351153852960222,0.5033005527974028,0.9906696393632838,0.23170168346622821,0.49617052785235705,0.9090855945324045,0.12799804558342043,0.5683398190614637,0.24624838385087877,0.04264275334382295,0.4216598089600905,0.18521090894539516,0.4032276124602665,0.15310026665050536,0.9564113387470992,0.48561920637694533,0.18663846776676474,0.8222705318170458,0.505851388548317,0.2860429181478804,0.06574964403504857,0.647995906867999,0.7892526043199413,0.7145131477075626,0.02557420127671961,0.11856509148145244,0.6640653681447454,0.9047559824390949,0.7259280383188315,0.5605738991460522,0.5882263428244108,0.7801020252222023,0.9949369308283932,0.16246258347283304,0
0.5811656347667321,0.958904553084812,0.6769326183597999,0.721112740575283,0.9162023025574666,0.15437084092610887,0.3750156549713728,0.09277552306346659,0.8642646809565042,0.02231329214664679,0.2777317774676201,0.6373138379533049,0.8473512393831485,0.8491024233648591,0.7444024867850377,0.20747293517964582,0.5124719447035317,0.07869493554464158,0.6485531467106177,0.7535714519696386,0.4836164634758685,0.6527637531869438,0.8302561243797416,0.9598917527863844,0.5833114897023011,0.22871376325873372,0.5743475249019653,0.04682063655252433,0.32273494583454754,0.455684774008678,0.2681438973430845,0.8559646818557396,0.9847067015795267,0.196028922519505,0.8590131832947833,0.07655460450822094,0.026990237576506315,0.6371291977450303,0.6146546051353046,0.032062233153598574,0.1044973142478286,0.10807638569304723,0.3697919017111846,0.861872741832447,0.8676772155026121,0.19169138822285625,0.49988248070700925,0.7686242317672457,0.5843364584283292,0.09971390500178845,1
0.16882708438029081,0.002791391633971574,0.15090390211096638,0.27228041912393697,0.7366183527146999,0.9356357577495694,0.2817501719406722,0.3262922001688492,0.5578777823739096,0.7340525310262128,0.8633558766096415,0.7544596919774145,0.3871388618336913,0.24571709956943344,0.21545477562139104,0.02628073964187383,0.28631459381488067,0.5974976958973278,0.4141140685326372,0.35545293933798106,0.7856194481529515,0.10555752395909712,0.7336395241584135,0.27042832355648205,0.175956197002066,0.03196657778186052,0.881856459126112,0.1986154497703162,0.6982354542745489,0.6613385008785766,0.7758516235861936,0.5312490959255378,0.474917413890645,0.31161833200472067,0.8365929934193505,0.3188679661783391,0.6476889755549607,0.5381024939536503,0.9596465093940737,0.7193904499333124,0.40350101222660306,0.8413461226445577,0.3278393233646778,0.4992311483325369,0.6773130101994597,0.5778346019796728,0.5268806088763339,0.940537370353464,0.6842077868880946,0.10615220358637212,0
0.9283229920288447,0.5269320979159703,0.5190446241985743,0.3681827627315257,0.9951153351412382,0.08081462785432325,0.8887068465049986,0.26926311826630234,0.08835007373543957,0.04835232372294662,0.5339380327175529,0.2784010008693196,0.11473806272588383,0.770679264667463,0.8058793599841042,0.3894063498932542,0.3430079993877033,0.6043549592772154,0.6961113553558536,0.32571930490246914,0.08522743914368791,0.8146837389983038,0.6092451082595521,0.36641342808323596,0.10517811452610482,0.6796187697273036,0.6834746043544572,0.20228031195363172,0.43593290167046894,0.2552213220552739,0.07926933003808245,0.13803155454653648,0.08257188321562636,0.2684068015420612,0.7179421684293794,0.4630129020586681,0.007077601658448951,0.5665778233214871,0.6989064136913261,0.3464649347962515,0.7483065017782142,0.9610294850042833,0.20343911886155708,0.861528093093247,0.7408348245770026,0.5885291510515541,0.3617141954303671,0.680852530128397,0.2964859376597846,0.378346696087305,1
0.24086338164418875,0.6405226229815147,0.020290113159605494,0.22118877761584677,0.8787671997988884,0.32782807345816656,0.7717508402363973,0.4698570411082834,0.6670614313648158,0.5932590653514526,0.05965076830616267,0.6275786178510085,0.06725875049535279,0.6585218395502872,0.5926176034229554,0.6164957290999294,0.5839690745756303,0.5504934228463632,0.8077871066410561,0.1560926736412399,0.1448764041490369,0.40991932470296233,0.7629629587695399,0.7057088608700277,0.7981036425591983,0.18736206484760953,0.09784859722463413,0.8586227163235448,0.606548159038346,0.5436353746574284,0.7279615719810429,0.9902928110589396,0.7133673841098331,0.49313829981572854,0.07412348105148836,0.8069617251343933,0.23777417215510754,0.5009655600207484,0.3555711151165444,0.8570754517602919,0.910249072270583,0.6978939417660485,0.2961820745496664,0.7200048022717682,0.3730590306494609,0.34134390076221643,0.5254631327519571,0.7808819985435822,0.5193388495505716,0.4027741156889454,0
0.9578452417728386,0.08547774275321673,0.3231444466325645,0.5478054776716739,0.5231950951774376,0.26674248493590647,0.3486901912214201,0.14573204037460108,0.9524293946650764,0.9273936888666237,0.3916060545865725,0.10397796001391757,0.08531214198109749,0.5684444828689962,0.4384433204119822,0.7546807973934195,0.7694459832638894,0.996967348689891,0.21848260635691363,0.06831963112241557,0.0849850916371907,0.24286210449606205,0.6112963988840255,0.6189814539496774,0.3554440762935164,0.0007528912275930333,0.43430700295982594,0.8639024783635629,0.06746053986856515,0.5931457425173692,0.6065687429976094,0.4871376906963838,0.3900612433212589,0.7394476435261427,0.29596863188110334,0.8206972362643082,0.931950092527007,0.6197898519209196,0.8632780889525864,0.05513737495907023,0.29806468280495924,0.242066283688246,0.21213808271179213,0.45150748287658093,0.04741256125391102,0.27115205391739805,0.9320733740752287,0.7746727254640728,0.4337303704247768,0.9911957036155332,0
0.8698032974090886,0.18445359663700378,0.6408462206693168,0.7704874912126308,0.9500628661820185,0.9891290395883793,0.7052932259658897,0.5929977241915472,0.015116489323138027,0.6086007309671212,0.33501767659454307,0.397647307357497,0.7789593914774039,0.6340005485842988,0.137245611720885,0.997494158895881,0.6654999863312114,0.8616039991616797,0.981522980373602,0.7098920681179343,0.9719769125817558,0.1825901626998011,0.44824607501982205,0.21259631891651876,0.8604440747456251,0.6415811341119302,0.29568819365080423,0.6053171115476788,0.512104858947558,0.11747222673615088,0.01666870959297395,0.057999756569862004,0.6244716856247088,0.3814752968639519,0.3393388652356617,0.6263338595646386,0.6916559345163462,0.3388764308431569,0.5565076033907569,0.16728667789415008,0.6998824573101747,0.866656930987693,0.7776075431603379,0.9227035081500379,0.6335626760984547,0.3307827466923665,0.11281401541281666,0.4039142591813948,0.6090588068165735,0.07774535344351519,0
0.5663045704346231,0.49974201489402736,0.2397169686372722,0.4729712283134603,0.7248025972653156,0.9620271476523146,0.7000468966592577,0.13678801696793919,0.7044929371371065,0.4260919041507907,0.5443831322439936,0.8952687287186447,0.9705161461521231,0.41657589320360244,0.6171744310303688,0.9024579398318118,0.8331852635606104,0.3350185017491836,0.2716339731105618,0.11084502569941623,0.019328650048263674,0.7299855887310503,0.16032317422653752,0.18912493020725374,0.2674487276662789,0.19300619942654662,0.10362659781576189,0.8596334261066704,0.6302994358571395,0.8504424677789969,0.47459505958988546,0.3639100467195363,0.7238924576125643,3.609934274784177e-05,0.11076189066655306,0.8995291413702498,0.04380690646725616,0.19855181928214038,0.30153684823927285,0.4260399041410945,0.4496543320260119,0.9586973632277817,0.3890446191515886,0.8200688129998983,0.7433788433709063,0.18237281338137268,0.2104036215146725,0.7016297738948867,0.278992505448587,0.7872529771013231,1
0.5055193768247788,0.4010459819904608,0.23259344233416956,0.8760795076058049,0.15786231430766262,0.5283948007324837,0.457709964875997,0.26533924997720815,0.4216063862853894,0.381241624038423,0.22996967917005195,0.14488411148988956,0.17745271788295347,0.08499016891182987,0.5669102928430355,0.19615224028019407,0.406322177949454,0.8486020206000069,0.7340426985834135,0.007188740182734299,0.13099245425306816,0.48072430740018235,0.684889599237158,0.762097662075946,0.754026644606354,0.7833524350968241,0.5573609083165934,0.5026032644996391,0.44363193270504186,0.1684725282245798,0.6470423156506098,0.9561361702590709,0.3093658078107374,0.525351674553984,0.6152205822663679,0.9610097169938929,0.7067695545347367,0.11706210767939595,0.5338281740311619,0.07583923505881829,0.43365403717195317,0.703566295158671,0.9511326050432907,0.8004404513156417,0.5014615539497171,0.4381017182781577,0.4623696634593176,0.5173301803416107,0.24604055683614323,0.4715030217163666,0
0.47890800425527935,0.7723011948152976,0.19216514963584486,0.5448278308165715,0.9037631215472367,0.20027247204644016,0.31640567607652115,0.9660487325074928,0.009533199574500495,0.1803775333595138,0.18424917512988537,0.8547543666805877,0.27882235823327406,0.08778597856545745,0.1493804135550696,0.09495995389174805,0.38002404528595124,0.9593783867190637,0.5389836331429072,0.46221171146489237,0.5850056738441695,0.5159945897453347,0.8892605509143061,0.04369199495388687,0.7766434061435039,0.3624647709216495,0.562326237544807,0.7570035149233748,0.3855710552184711,0.22406300964356474,0.22264044187234167,0.8644378635259872,0.4987699845138046,0.45029633529647095,0.7639155584547829,0.6993243806966613,0.5692533398387764,0.7487555748130696,0.4632719040254871,0.8364928211954498,0.26859175271939184,0.9445825951594762,0.10707402895535789,0.22835954062999386,0.9522073571816322,0.7595332328461264,0.15534227058284455,0.6410860948691568,0.9892963464441457,0.5610960043232304,1
0.0788013551329031,0.39678818660250914,0.8671335188238299,0.9271171580814567,0.3637065632172183,0.8773067486240578,0.44525862200822264,0.9108314180057919,0.45004251433547493,0.23325761252127486,0.7438304165386485,0.9972480916866527,0.38088284047525367,0.07167097802849964,0.37635881146506056,0.1392977466027665,0.6658438515278273,0.35145490725884965,0.08358489138698644,0.18249777627950414,0.1391198437058414,0.7106560425614706,0.4764707134003908,0.3093656284691362,0.7366811968747752,0.5777412890926444,0.025571842810205636,0.5604599668261788,0.06628118740874112,0.13893270649638956,0.539051102472203,0.42966706428421486,0.33006146106045964,0.6720891635966713,0.010871193434816462,0.06422418121785711,0.4736104728820344,0.5917629011443208,0.18009820976536284,0.9592558622697471,0.6316382131833131,0.41915287063809614,0.8045760667094688,0.9236210145807545,0.11822699628173572,0.3777557322142677,0.2947787958553224,0.1952315975956952,0.9503456150053451,0.5873941154694907,0
0.24554159935588626,0.11790004862853898,0.9594197110227611,0.35610528730680313,0.8023401403516764,0.13793527007865525,0.09367281992181864,0.7038008672101533,0.6382038394868533,0.250167105860007,0.12610313436294007,0.057928074896690274,0.5913486681771589,0.9392789563959955,0.40959424575411907,0.5789837568525701,0.8122532936573542,0.8410979502871357,0.5955682662877875,0.17393446736602092,0.7292997633345041,0.8298541774809358,0.6861640683617696,0.35570653412574105,0.6396826716327618,0.571407862868891,0.679974910271834,0.22289415777971433,0.9396332229259288,0.28689884248712105,0.2606430193670729,0.7380621089143806,0.04342343724650888,0.594238580797635,0.21531511039440532,0.6634457906473448,0.12461576839774124,0.02645391635588501,0.6679977109072734,0.5375555279847488,0.6573429818610411,0.6513255950924567,0.11040208605150836,0.5757819323932571,0.7692511340091571,0.4262729073578131,0.5576200590810443,0.21897635164297402,0.3320032449353284,0.12228826462775533,0
0.35602260836152544,0.25231359933140884,0.7484008522669457,0.41567832047287134,0.009784200088117201,0.9283399910941363,0.8432180284911156,0.6308597966926033,0.6791068772782529,0.18579443143273322,0.554762872332052,0.9760916061445589,0.32107351882326174,0.1425022158724375,0.8339533298705483,0.9742542848944983,0.8066305762341036,0.8959420102831342,0.4706424931372072,0.955918640662145,0.22386217348727855,0.04702937661262274,0.14703764111498008,0.03388780274605485,0.4633276459477954,0.992994457703355,0.36466992814533805,0.1558689747496942,0.19249337965990598,0.1960046890156547,0.3443941720860202,0.11191404226386248,0.5486283028780461,0.8985764576137765,0.7182225830790376,0.859743978196382,0.5603982848554053,0.4415602413973546,0.8668218949701862,0.6466259846282475,0.555100309735434,0.6816466697840137,0.9842997673056311,0.831287761837018,0.8347718355134786,0.13478851939059067,0.2811418997638727,0.301931823983981,0.43385876548170954,0.1705924425618215,1
0.7409737446752465,0.8793717576030547,0.06712088521772108,0.6304572852963364,0.19264664231830242,0.5930103636612201,0.9908124368336767,0.4173426597900094,0.26093229274948804,0.012254910940291963,0.5708196266945377,0.424108712315012,0.7048474721647308,0.6078266144827306,0.9619782666582236,0.921759362582211,0.4121778998639761,0.9536559160247444,0.007174195212987122,0.2777295110487644,0.027755511840560687,0.6751191748142465,0.06785956492131084,0.458775447057283,0.6435428181861927,0.2670641041081093,0.4167304406771295,0.9953233608551671,0.13385056641261583,0.7328994540697469,0.6112451133314719,0.8483467325948992,0.366048525500384,0.02322254457840689,0.4836344382165645,0.858012276902668,0.5668356838997438,0.747910660264301,0.6691285150530306,0.2431359923390073,0.0019222165942422986,0.773476049945533,0.7309591317502422,0.17490111146914322,0.031594439208104785,0.9286376232213255,0.35003434929951394,0.3385462423284614,0.5275591725502929,0.6909372096121947,0
0.40123964722899874,0.5061148253048476,0.1998766428312193,0.9822479555973385,0.9400799373023482,0.16650345379632314,0.3056886908932731,0.7419833577809977,0.8231435703882938,0.869692231025956,0.6032539338207363,0.9319645579630853,0.2765405318223394,0.7198885820910209,0.7194338273129096,0.6828415390286691,0.10285149053819775,0.5595067038206512,0.2986637868772827,0.40578829210759204,0.23134486390359055,0.015269937217984086,0.7590446107657083,0.8628635540704457,0.9776131857279834,0.6515416180902415,0.30431897544367226,0.9230306225563812,0.19590944335733107,0.1693954282122183,0.11457898382597465,0.9881473796836365,0.838447891774861,0.40277161462439715,0.6744180654446635,0.29243471204833604,0.6115070755129572,0.35717882802138745,0.16323267313268652,0.7004052896457815,0.4041971856098795,0.11160806512053034,0.6249358374654967,0.6674369137845069,0.3424190060858745,0.05144465990144065,0.010366377621464529,0.9484098734691414,0.36458243646738075,0.7379355116935594,0
0.31393526386993587,0.5804108259958426,0.8615054805520568,0.6509899556259354,0.6891011313077594,0.860304684735496,0.5396340596419607,0.25311817663847536,0.6299335253236467,0.51242293091145,0.31520358343715527,0.536133549613596,0.48666030476929334,0.4737697624881805,0.6942640409010279,0.9788714954457485,0.2996798262132796,0.5196537141030991,0.788613079927198,0.14269171655887825,0.3962555967453809,0.6678500712330806,0.7508939969494158,0.18709767150709256,0.4524596689032777,0.009409629352917226,0.576632651617083,0.3412459018203172,0.47175798808395175,0.15399907557000014,0.45116386487404403,0.5982884128643554,0.98577849349864,0.49421992083304334,0.05263398466113545,0.45899860855871677,0.08902276710857215,0.6387782977089006,0.9258643539010762,0.3252769147892801,0.8048519437227116,0.9903147654954049,0.4436137681884912,0.9361127654238901,0.09913422867090904,0.8923131172630739,0.775337987853667,0.2555028334460193,0.900951716550002,0.15948490880466248,1
0.4266915051904626,0.3255088582546798,0.013243972309531005,0.5593549884055786,0.11219455212804474,0.12750582014657175,0.6570744649067718,0.5119204936291115,0.9751194314090884,0.6484728205566653,0.31980054749435116,0.7392039944111132,0.2816930420177124,0.9053687037969589,0.5911182061794313,0.7729546813619929,0.32735985586239114,0.12749195318101614,0.6784624511576097,0.49138262122966436,0.9151420371975677,0.003912442143742201,0.3160125938200725,0.8369353612179935,0.23631671973396584,0.792970804475484,0.19484908689312574,0.8442078814987702,0.9545829734107671,0.8700436950207051,0.9714391513822912,0.2058874414107127,0.6695689321355289,0.5087119581925593,0.1583258557909477,0.4463525596769158,0.1611804871791801,0.551933913304479,0.4928848922905199,0.21126936731336754,0.14249515832296322,0.6818722293884968,0.039518894215903155,0.6962109910699337,0.06037302616323792,0.12913377587866537,0.7440079637733168,0.1941679289760082,0.07734178983542306,0.7225464522343401,0
0.08979610328043408,0.18333855218772632,0.6431890358202377,0.1588246093007546,0.0324053437407853,0.982075348783833,0.5642275097709555,0.3601042967636521,0.06910958752462515,0.5809793740162337,0.05497245817699459,0.9661270396591015,0.28740323246457633,0.12262162373455787,0.8303550127908946,0.8566665035711342,0.8673483652294303,0.7264437091759545,0.5572509235927509,0.7240404301060592,0.948324961859419,0.8968095983088797,0.49824241888812393,0.49461656420510625,0.011124540621950563,0.44212927437548133,0.35131211403894147,0.6136534735676406,0.9471971915602654,0.5727745631745393,0.0129956615772997,0.65434614124358,0.3559588585140283,0.6625666730378141,0.24643587348650464,0.4139060839049168,0.3582077275892743,0.4879558630624229,0.014356605762144814,0.9839629811834343,0.4268714458474545,0.14982264256322764,0.9414128020721045,0.11981640916151881,0.6458109132127011,0.08532755269195935,0.12921126321614984,0.7582213056717796,0.6042498143774706,0.02597536107049414,1
0.7385031483965977,0.05137344492013396,0.9002639402879926,0.47754461197751297,0.6520816856348268,0.08542755553424775,0.7537082066003885,0.5331724734564048,0.4413321640435598,0.9121618396101486,0.3802846658749174,0.6188116296724678,0.7496250051130192,0.3378246049006255,0.9835296395562343,0.40335468153785625,0.14448685570762,0.8825851808003313,0.40478741496117754,0.1799320841829104,0.38806456172190373,0.38261648600264064,0.4352846279893353,0.6481017341031814,0.9932376196453944,0.7097860301811526,0.9242246684930872,0.16198246103943714,0.520085546827771,0.0931360209100538,0.11469703170722556,0.0055206311902772365,0.8543668303565266,0.23255789062660215,0.6478925406218036,0.6021340333854217,0.5236099616152744,0.004120582220672908,0.7427451081628484,0.8516829655807675,0.42335463598928746,0.9658787231966492,0.8031753718382454,0.03328665835640909,0.6147696538271783,0.19167566409060666,0.569705592436474,0.9173470752092551,0.238893015659133,0.5958737670644405,1
0.5657597581054159,0.7128429075745649,0.5986079076239175,0.28007207896811115,0.6760015981387729,0.673339736232013,0.9465576798661651,0.5433776403537754,0.8580775648844744,0.3393009592270304,0.1631349218697481,0.2378704742865434,0.8820903546419696,0.28544771137197,0.05591608859555064,0.6173205226807936,0.14251986618829293,0.7622992675599022,0.3099259654692794,0.6480693035259101,0.3522399730885801,0.4207400303372717,0.18408402288319736,0.9905265791554297,0.8073348264761646,0.47276373907827474,0.057000685231686,0.6391911692238192,0.5724997504196263,0.6339952671515994,0.2975469513381238,0.9283265122628823,0.8038731303761721,0.31294549085658885,0.09382400161925608,0.8137424583530706,0.7978747094298686,0.6822222724502461,0.9404580294358768,0.9305240992916647,0.07267774046750464,0.3206678978146804,0.05419748741134345,0.1319414169572828,0.3668386913316062,0.984305969241722,0.22616440021555406,0.5644009294610899,0.2131683545098434,0.6518115830500739,0
0.7402495873574685,0.4265615709497613,0.3965043069631239,0.7662724030213731,0.25775396935965966,0.2768889061351473,0.3714896866740396,0.49423999098693916,0.717359363983672,0.6156541661454722,0.047274029147206575,0.5422384175384913,0.014641225205234809,0.5357886585944204,0.8348221857743681,0.4135376469269918,0.6325179108419644,0.005870468682928398,0.3165072082865792,0.7749306381431013,0.8892566067024251,0.7472188691309367,0.9650527110283541,0.49037226806985135,0.6908209853853722,0.930820830697245,0.1361340388389234,0.12133521670214387,0.16901214533937925,0.0977553080928415,0.3272171723868049,0.8648100990519255,0.7338867713664354,0.36036281606199994,0.03059033512533227,0.5908401234525967,0.3946698963228754,0.560661551231105,0.5353183937236122,0.20877753569605795,0.785424456840405,0.12955743067147374,0.8139853227462412,0.7974247755346743,0.36101142519403495,0.21200873247816743,0.7384608095402817,0.1613758728607111,0.2604414797571445,0.494487691283648,1
0.4155028270347516,0.08200358278216402,0.2066195145141979,0.6046433457205465,0.8850976548058213,0.3764506319989196,0.7511086204713627,0.05201852338225432,0.9867403111999885,0.6693058992297181,0.14251945387493403,0.6167910728804884,0.9882213684850236,0.44337060007111184,0.6264723067215822,0.3113247168009565,0.862932217647056,0.5882153328326019,0.7788992972181094,0.44763619273793065,0.0037671115982270686,0.20936016670796898,0.9072435055713215,0.9796479416950423,0.19187345498359198,0.9111538832290103,0.6596597346452101,0.967454628951874,0.43581137564274164,0.49980956822572176,0.06176896154652034,0.1743432875892882,0.5069887631851704,0.9473278292784979,0.9567932907902809,0.9264518863742157,0.24094623961492945,0.029557448197860547,0.8782815736381582,0.9131505646394407,0.557566784543587,0.5668270231542788,0.27639693738384163,0.08142649773807165,0.3869135855301249,0.017740481693608645,0.44941365537035083,0.8776850813987335,0.15211070045923558,0.6103565615489679,0
0.9289694259422194,0.7599681775955996,0.28830163021676636,0.045893681628332295,0.4345663481272477,0.6484379395804193,0.4675522120150605,0.37693473112401465,0.21380544418774794,0.7213678373104029,0.1642961337771136,0.7092353727086624,0.8041306440497286,0.3719103694123479,0.5216065267959418,0.39612693426060286,0.44583402916392434,0.22351119215918624,0.2892406132873867,0.2576365980376284,0.8666824934920495,0.34082151385156056,0.40217095518490387,0.8944550384488605,0.8499632710522094,0.7651536234809243,0.25479480071687466,0.5678696781256647,0.7076597320064046,0.12897637119837446,0.5555985580787883,0.6030870662822955,0.4963746382220061,0.7816343428243908,0.25096504801469766,0.5614309917227297,0.27241273440131475,0.028843927328341956,0.29194678714431455,0.2607905899184336,0.736021190179745,0.29652417154527067,0.9177010030787646,0.18257676060819317,0.03458890739936349,0.07358335660440873,0.45511091142906224,0.07384427846589015,0.14091560304996165,0.031339940848454484,1
0.40796031006705524,0.7127708227660126,0.6112681413638895,0.38589975315241654,0.23509016637286795,0.7730628488170416,0.9749480625269777,0.5535613239249958,0.9511884531793877,0.4002930470090762,0.0261928291729292,0.7986781119972866,0.2749320200344234,0.5786095542359508,0.4588720562723383,0.4098402037333678,0.06128865841495845,0.8473819057353814,0.9377775486510747,0.7056785022084802,0.5994514144697278,0.8395074970289697,0.6236051093949088,0.9139148620634555,0.9076607365314167,0.4570387162522379,0.3642826985873674,0.9850799167854353,0.6732593185086309,0.14257956965492613,0.44057965667833365,0.7643008362943573,0.1845388655449839,0.792337216621371,0.08696583225632082,0.26703515508069064,0.7007394441346363,0.6372689202144032,0.03343285814436714,0.9408052778819502,0.9493821422207402,0.03296348679485517,0.643619935907353,0.4124133928445405,0.1067263547685059,0.36917928406441647,0.9965353619816849,0.5124482645674847,0.9207537197221438,0.5336262364615582,1
0.8279010340969684,0.04137346505499595,0.8462014409399242,0.7918740106484657,0.6384377723741999,0.9567361206657996,0.18247969065216307,0.43105271855123095,0.014295082435396012,0.514924875774388,0.5647761636724378,0.7169954534179508,0.3295566902960171,0.05697770293131277,0.7179426274530154,0.6638190388591373,0.8031859440382432,0.7437982244034116,0.5568921503052489,0.18823080845360385,0.012681420593101511,0.24037907310803075,0.9824088629170279,0.3662555077240284,0.022393956835020656,0.9827823316628956,0.7525020091790277,0.3847477028236379,0.8134634307942579,0.22687946229231992,0.9672300849645316,0.3847885642075405,0.9623500299220022,0.9906151915491808,0.1251875848608457,0.8766361464894625,0.935078101892893,0.8664654993927363,0.38165874649791276,0.08622137638564853,0.9902031330708706,0.32617581853595856,0.940817014856689,0.5154324467811657,0.4654981979139343,0.3904007102376703,0.9291823176352534,0.7237077446579129,0.23660125400095666,0.23285321144491633,0
0.3730133676279054,0.020523455602435403,0.0186460367864264,0.22972762545996261,0.3463403210013102,0.38112006317506086,0.7002116140312935,0.3421978811417843,0.27612864212356136,0.007696217242912806,0.22589478461633705,0.0130747318668899,0.5100300034158315,0.6450413871612095,0.8500003238527097,0.8666329061980284,0.17874384544222444,0.37650106214969414,0.8934324792761497,0.5525996296469682,0.5750515830485511,0.7229012508193006,0.4303980396372643,0.23526262750773608,0.8743919703558914,0.19288139673495552,0.28910879722985217,0.1957539670320424,0.7116985360992154,0.4985537748802624,0.7531481144928296,0.5352491934900099,0.014031885839078884,0.1615982757377099,0.3556834548199794,0.9770728482022093,0.10057361840875267,0.2789597625357889,0.20235386324142368,0.7891864709773332,0.6385495638207047,0.5404494254572032,0.6357880576448431,0.03477697288527093,0.10047173951537403,0.26623179586678725,0.35001843790962717,0.47343010075884706,0.3982841119625262,0.4633910334489625,1
0.999009594404061,0.23127808924304138,0.5297955959285716,0.6943984984868807,0.8543130190262603,0.45912304157649886,0.7602541500202825,0.2935299920912259,0.2752529101860588,0.42027624748891834,0.6502429324992065,0.5260835369923825,0.7826144366176637,0.7829277210674104,0.1772939277112121,0.6750995735079216,0.44876170243788727,0.2879821024195285,0.44346874856964513,0.8355514050880627,0.40790512336698603,0.12611910681161387,0.39982161385859494,0.9169999012282074,0.880386852266655,0.22694210150584504,0.4208646167910357,0.7547326947745928,0.7797122367267656,0.20845899033935722,0.1932733137189092,0.7657162995718251,0.10002403926981984,0.3866722880569351,0.5289343835831934,0.7258273244679945,0.18336639790011555,0.09850162545802421,0.46389371546723757,0.4380065879287578,0.522602110980792,0.6044121546227459,0.1671850937156052,0.7679794564297194,0.15717590289208228,0.971327024601273,0.20737162256571307,0.4185058882171314,0.007606872089484962,0.5981731762009402,1
0.5900099698735036,0.20214484051358517,0.6568380770704403,0.6406225128271319,0.3567555169273059,0.32676184220377336,0.7606070227110527,0.9292157736753909,0.881788609887734,0.7173563582114076,0.36453385908454916,0.1475957090631257,0.6423845238621908,0.7512088973973083,0.3146380365279836,0.026603015762566073,0.3112325420455079,0.826057507448898,0.1517988882445982,0.10803002267828088,0.2192988489502079,0.8981499347253864,0.3756182034516653,0.08850433421854287,0.7224602584888783,0.14736445948574717,0.1484739512442662,0.9417244809869459,0.3778296860915765,0.11328030046033177,0.8346287346533067,0.31237902943507434,0.5889764810246049,0.4065370387692414,0.655024581474732,0.7108382343006988,0.2589720639268971,0.24539672362218368,0.744360040228779,0.6640539048978115,0.5474136286395687,0.5368332026750082,0.5089552160193775,0.4574283777352268,0.66040990219681,0.49624968946210324,0.04463605610138199,0.44476009359396707,0.4241890642635766,0.07364487821612298,1
0.7317333285483396,0.202050091264098,0.8183337585632531,0.6422085900365162,0.8840865000828525,0.19278998287842697,0.6616270775818526,0.29037178366269534,0.22511936617262918,0.542256186948628,0.5018877899622801,0.38753737079284256,0.47668289509835626,0.004123435368340478,0.33393042603441037,0.28795077332148555,0.2357584538460622,0.2860329461897355,0.9770817359706382,0.6280502357244058,0.7304265133729095,0.03070120601966586,0.22152756478592028,0.8972902186809201,0.7478668371213689,0.7007898577609672,0.9314730959872243,0.8463777904162919,0.997312082275726,0.06647923366691066,0.9389727287043537,0.512857495989319,0.9618488470065595,0.1736257658819288,0.5149206761484236,0.39898367094004517,0.9798090158796279,0.1889288561616862,0.40860196189307596,0.2930360615701829,0.7113369808166337,0.22625028590287477,0.8963623710761712,0.12468033845402526,0.6352358225717036,0.10725102696580147,0.4953873833219318,0.7483549599071933,0.27385922034586974,0.20980750143797622,1
0.3319076507534865,0.6431014686397507,0.03362183924555873,0.9486942877451989,0.5370131461302945,0.6117134177303186,0.3567503792476058,0.36033752187072543,0.06827587439213478,0.0487394627334643,0.03399178998995589,0.0353659849717477,0.8954368055547448,0.28156714652950054,0.2747160000804735,0.9278432199551249,0.49507515027835025,0.5355311693213829,0.7709438370691583,0.7973436720148205,0.8991634298550649,0.7899077147162619,0.37656988377005685,0.21341627850156553,0.4682738690095176,0.2452946520432846,0.48592725021719085,0.0810647329856713,0.6031303137624456,0.8892977217459372,0.9189587971731557,0.18717707474402545,0.11396507477010664,0.5482746273373141,0.6403639572891295,0.49189098314892465,0.2802158689795461,0.8951927360768757,0.27517415820581737,0.055729885420284675,0.7334272733162075,0.5515929785814897,0.14674374364625653,0.44993817929782587,0.2331130489387282,0.4391096342119193,0.94284800687232,0.07077370641561465,0.267370976391646,0.6316848829045952,0
0.855779093203369,0.34127422265370055,0.9773649509441893,0.038214779669275,0.642772704144147,0.3703053892203706,0.4065747076642683,0.6744122702823742,0.1480763025708005,0.6183447291600765,0.9694340240167989,0.41512171080854776,0.16788686198624692,0.12976374748503383,0.9932423211246042,0.45192636154580335,0.5312239804844606,0.5427322498822093,0.0473103443867221,0.6718787190997707,0.03977744989228016,0.9847665055230334,0.4509243989014996,0.745205382258934,0.5598546493949084,0.6779926314021748,0.3832136963582542,0.03676387603752829,0.4241926180866591,0.27990912561887393,0.9355424319913318,0.9102823565318168,0.9977606964808533,0.967606877975188,0.3635232099088167,0.37441607305918867,0.11604788438745561,0.32624108789366135,0.6502750236112316,0.8948280788548364,0.668391750733008,0.7479443351373131,0.45244902132140785,0.26985267790716627,0.27089931553711666,0.41957262394600847,0.40730916865848743,0.840361834768177,0.36138819663858446,0.26178102570138173,0
0.21649719666114897,0.3398889826266749,0.11660152067546636,0.06566535296342069,0.4573626149788501,0.7990504892588449,0.7056774932274184,0.11407092248647865,0.14029054216963277,0.18590860508106843,0.8815971498938887,0.1879369275591526,0.6108419878375041,0.8830912845816687,0.6134642705157516,0.02262120487235586,0.2159117516608421,0.2303583996614056,0.37230386887055766,0.29801151807648585,0.04721648078118035,0.30470528692671994,0.47625490938403214,0.9849822468059696,0.3296738736215328,0.629851412668712,0.18170895281309185,0.4801194956642748,0.9286512800998036,0.0417605977336144,0.39185450115928855,0.6979911219218367,0.16935327381546061,0.30256764229855826,0.6829378382985125,0.30365981347445226,0.12038575953988695,0.11361672782316712,0.949926344721362,0.76924995500961,0.6567147827950598,0.9891164145861625,0.251424213497185,0.1867470178665066,0.11407512228937644,0.36803541400925477,0.13353418148836205,0.30672770538419314,0.8115645288215937,0.544247317999121,1
0.40227059172318447,0.5298344048465777,0.24746398581371665,0.05739793873736432,0.6325414760706902,0.4777576504894454,0.8326037756358413,0.619420869761396,0.013782691902244792,0.674737037792497,0.7925292021922675,0.36426752212580416,0.1402734803717156,0.2623434718208044,0.8263771378410594,0.46093367305269917,0.9382478507208879,0.3327810513867637,0.6358287225255937,0.8386270722726544,0.04556929980044011,0.7863277628898823,0.6576958494834639,0.7303476440746441,0.5002082988030406,0.5548823131217085,0.054824296029723274,0.8169663008019231,0.6802044534569356,0.7674550536205361,0.42682314343115246,0.1092666312810856,0.03532145852582036,0.942813468308218,0.4345148721912031,0.9792174390832609,0.67513331593744,0.013566997911921508,0.9285574512284414,0.6553183657894859,0.021168974222476655,0.8412800057170488,0.043342694026010986,0.4884335232723038,0.10989858979622757,0.05319677737854722,0.06627657892530348,0.16669328211438184,0.839549455023111,0.21370201691077506,0
0.7538527885206193,0.3974003117794339,0.28690048832115034,0.9330249949552939,0.8147770837735437,0.8030819191025285,0.385805519418456,0.1886107751091568,0.9648573845461003,0.8796183909595631,0.06855905308943366,0.5431537932950288,0.2813418162034461,0.2734606869668029,0.0011139593668842984,0.9619298753846678,0.9356170980544328,0.9372023657249164,0.8725152222200317,0.9701109648722986,0.936471779576783,0.7378781409523891,0.42285470320520313,0.4538863628441673,0.05119778019722687,0.23521672352822098,0.29687999143725385,0.8282121042415866,0.06432283146963347,0.5083753334957127,0.317142599200948,0.6263874275719303,0.22510632452758605,0.1656668462628228,0.47496038451736766,0.6718623753763721,0.7931671078134913,0.8880400277086327,0.25721481572781413,0.982971202235158,0.11956453063581729,0.45978362286704877,0.24266062635370744,0.09041666425582784,0.39392610192585564,0.836522825948475,0.17254646246668348,0.40087671482433385,0.3566413679002949,0.658283633928734,1
0.5872846506333831,0.6277499747180477,0.40054052237436844,0.801312196536482,0.21894259773569236,0.5219305782175432,0.12357270991697311,0.7501091780447238,0.9827122266781005,0.7138911134314474,0.7560345225069187,0.4031803742965142,0.39699336281885134,0.7451282122437963,0.740515621239928,0.30325307230274945,0.8871946663109129,0.2870429676919488,0.9968801180788829,0.8854360310768891,0.6709857575129592,0.3940573787440428,0.7888886477359809,0.6544616555479973,0.37792524053483834,0.8648572859669483,0.8029016840656269,0.8741973553831839,0.5768793846675732,0.26258202456990465,0.8756470899210228,0.07409766826477104,0.8146949848046429,0.7838584992139003,0.04912005033171829,0.8056311070409019,0.9394172943922757,0.5381127276661034,0.582197398096431,0.8835490644972284,0.08505607994470321,0.19361730830047175,0.8062559223376067,0.8786837522850094,0.17186265117403332,0.6871812061838546,0.9319174142980151,0.3787849664954288,0.60250367968287,0.8076078314775413,0
0.625746849548543,0.28476860756480094,0.8328293647032879,0.10699368900106998,0.008265539462392613,0.3555258829930792,0.20166561090500779,0.33416852288845966,0.2704738960180656,0.07262617833423468,0.3313100617595476,0.06928757098592797,0.7682778861040188,0.9981384558560498,0.18690534314303908,0.8306714567247339,0.7215295889621356,0.2697050539768745,0.8165409046343008,0.43868122318281855,0.6419934240881948,0.7583165780830113,0.5662422851369908,0.13484841776948242,0.9687338740857893,0.6168220038121927,0.15931765066095382,0.812081862834015,0.32918043969917976,0.8067837090513001,0.42616575544626756,0.1949609056207664,0.9838179654528507,0.8611173080851212,0.4974337581040128,0.9324001676750879,0.5236384352353707,0.5394394675921886,0.5560646533811919,0.7892536294125936,0.38941807519670657,0.2734762057751783,0.004857997083615895,0.05074492439592604,0.6609285560254063,0.6370174585542577,0.6008887086277855,0.4917862521609073,0.5369194869510235,0.14348411625455382,1
0.8747573300745565,0.6173377296084318,0.5525090975678314,0.7657303636344047,0.671888732347477,0.17743086008955966,0.9624691009406199,0.7768014089702617,0.38933448692817885,0.6381758511743891,0.9520054366699613,0.845094454301967,0.8178695201391469,0.18666726411754087,0.9291579001943834,0.8768932896170788,0.32983446586989207,0.9750614867486204,0.7666148275114232,0.3679607500237999,0.2654933450652289,0.8265084410061754,0.9287002194366549,0.12382956127078548,0.6932449993691124,0.652330086488223,0.7160124835275072,0.22501145009501333,0.08194253601011481,0.8818178681211316,0.8072592276583902,0.2924688709396206,0.9388274869713408,0.14113171986440376,0.40072125911548784,0.47692683285341986,0.28998387855459196,0.6839660521772803,0.22406694867269994,0.4020435858517667,0.9879178462305997,0.389301930390093,0.9793077489774485,0.9131254844693971,0.02934175222609925,0.6384500661340278,0.1434266467413401,0.724216280849653,0.5904872520598267,0.8331593351700647,0
0.8958773091052682,0.45620411650248327,0.008538516234108617,0.40013825730502195,0.4501676527427093,0.1911195894551162,0.02741200435629665,0.9381712390966117,0.9667033919953075,0.20183182128166688,0.43881220569733426,0.29413650756442977,0.239382290209894,0.8807702124649273,0.9398746066403498,0.08041898421099425,0.8728778213446603,0.03634560804890907,0.9527039731337013,0.45504976073024395,0.2548833998575273,0.5070312295391054,0.5643345177495562,0.13808717089222167,0.03470933957866773,0.7614530930784997,0.43503500427302066,0.6617397760408684,0.09055720422273839,0.3076676307431373,0.21352076735134173,0.20256853515808615,0.3989476289635203,0.5847449394093674,0.4843013344266316,0.671304871928294,0.8285550414869992,0.3079969977776206,0.9282428945642174,0.17997497804935458,0.08179599120930858,0.8432162265648301,0.4989037610062299,0.8832380228314436,0.7736381421026597,0.24234762205740745,0.02868006618610952,0.4614333682934494,0.379494228322123,0.018546846270320105,0
0.828326797206283,0.33281944731252133,0.704358418175758,0.2876287677023234,0.3655942039518135,0.8492650425323579,0.15323558747369237,0.4306997041703199,0.6959302134922393,0.8836463002203724,0.495674911645696,0.3696647417906733,0.09334592824124954,0.5320130002570221,0.26641474353482675,0.8558610669480202,0.08774409444863984,0.3980016704718783,0.47766274604974235,0.7411384664040458,0.9323008797282988,0.4585187847480151,0.3997158248140127,0.5006696862945034,0.5305171412719688,0.5922824182140431,0.6299940767749223,0.9927453657502614,0.0941900695400315,0.6860155670329271,0.5149683396618406,0.4680208342576049,0.07871345676075125,0.8735284511910335,0.011246366557778109,0.1596138218736094,0.6771834471915419,0.8959301875849928,0.5476859062555007,0.5387685623014234,0.5082383053618772,0.09391459299699545,0.39331185439097194,0.583079676310895,0.22087411243154154,0.013577121697726624,0.3261220107136594,0.3916708035839398,0.5110206271371641,0.6656437525932746,1
0.2680730967348466,0.42788130344426034,0.2365839096084853,0.04517098075381076,0.9127700775418094,0.9581681244304135,0.883904893538039,0.20431670682637237,0.4134628537892804,0.7462016790734101,0.9741957428834849,0.6947731891852593,0.5107392551480351,0.6337188286702871,0.19519891681064294,0.8973732277876554,0.0004749422134230352,0.07799679881473409,0.12614078157733022,0.5989234952046859,0.309513602485709,0.1078763732206598,0.6700744235756078,0.19153081883529244,0.9949799534155775,0.8774032719651457,0.12071214701924593,0.06883365130025476,0.5784683771025934,0.6293160101905746,0.9348531456390391,0.37750289687323446,0.2623178664742586,0.5688498865360223,0.33541093048799686,0.4377025556960993,0.8235370727031626,0.8309954864260556,0.5281278985722061,0.5500816379760479,0.9646296571014127,0.836672087295994,0.585129857077918,0.474169412898219,0.5178616670391333,0.493222333166509,0.2793044742567785,0.2153719986629158,0.8435468801675031,0.3838029292806264,0
0.862917619975266,0.7376958578997131,0.6187893377941489,0.31685007771478657,0.4981984170648286,0.05415714893819101,0.6043243918434507,0.20983509272750667,0.746120538907769,0.12660060542641438,0.3237274517822496,0.03519091001970964,0.4748061892840567,0.6368511812582616,0.7348528560799172,0.38974098100790877,0.21293555861334568,0.2580109252870577,0.12643074395616616,0.4403856947626049,0.2287291813093414,0.5954359973438881,0.8344659341346726,0.5198194447490343,0.6194910203976837,0.9669161391892798,0.3803944638142871,0.8938792199965722,0.7595093114564151,0.5702742079344576,0.2575142242291275,0.19777307647278097,0.4248515601028652,0.9144659342123936,0.2424760467353405,0.011017166353274543,0.35213164347981873,0.33227649511821034,0.901044048221852,0.13874809504950347,0.05225237971144692,0.9161624688229174,0.14166351735771487,0.3843810854545565,0.6609187634007668,0.10803065402544654,0.9282592121121895,0.6662937845350063,0.5274799522914992,0.6855547684039759,0
0.6756080302733436,0.834613296758144,0.17743088358855386,0.07511942379229586,0.13003919421191346,0.8810295288727387,0.07275845973831507,0.024785153627824186,0.1871691755970365,0.5143520663248755,0.5470524450919523,0.8980490081203749,0.3185300671963299,0.6555527307337042,0.1926647141441935,0.07007176943286642,0.9639609821509283,0.8398529212474599,0.05496032054369071,0.3444555857645336,0.019156642172137084,0.2997979910454236,0.7268601877964861,0.3077430548170711,0.06308841546413269,0.04382846638175142,0.7775924618279791,0.253356550355303,0.6890392840724864,0.6509417548783067,0.1372511659714727,0.36241197053725704,0.926129115867853,0.3927424021897784,0.3105148513023962,0.7958392928525669,0.13097760977271122,0.6247092994787377,0.6864232848252578,0.35334281516551314,0.9340946563333808,0.2568143729125154,0.20783084742505886,0.49859920813308956,0.08487514699902254,0.6632813087414068,0.2321875548283464,0.16479039189778655,0.6676782338625853,0.008806951809427921,1
0.9481683746886933,0.8900133117246495,0.4981187418388472,0.4840246801832827,0.821460151579302,0.6484916220055357,0.518524890087446,0.12532323395022238,0.2691530171613663,0.5141759732019222,0.39406810061958786,0.5526335160991541,0.9054019231705815,0.23824619197979024,0.1604068737229989,0.7381243627537509,0.4967850987331125,0.357380656553664,0.6786355749747802,0.3564909476406666,0.46028246710016063,0.7425370775578901,0.25798377347487567,0.7817568144591485,0.8145865448612848,0.17780926112082662,0.6158609740595326,0.6777665941673572,0.007308250727925847,0.6895943922934413,0.4745489560930224,0.7241802419698702,0.9296970340997107,0.6987491881816373,0.15535856529073166,0.6410637701715799,0.8263039912706935,0.7608821010545357,0.9018665441174918,0.35917304749450685,0.6633398446866849,0.4718545252159454,0.874643733228739,0.6201284040149128,0.14967097810401941,0.03596339388023584,0.25681796240285004,0.8168219855062763,0.8933434544591846,0.40350372558064296,1
0.10673190233029661,0.6066095051227087,0.04803817196094906,0.5765329635253446,0.885929311400709,0.9961614319828684,0.3717736508710515,0.12123761057991544,0.9884286729185268,0.33164689245390844,0.696032065288562,0.9161104313070545,0.10420510983526732,0.4421800622519235,0.7700500105788057,0.6037113293553453,0.1517228337306301,0.39872210216504833,0.5695250705321415,0.28985617436291145,0.9463468441734743,0.616827866161546,0.5771016747806529,0.9448819284437873,0.33057781271921394,0.7011541020522808,0.9145539797356289,0.7099024867959338,0.7640514825897006,0.1597599508416777,0.11459258064687516,0.11717882033140925,0.20055493214741815,0.7069093223347546,0.42091982672790984,0.20914768683965557,0.024523558186731798,0.09166214009566342,0.27183489499984215,0.6824222888310355,0.6529434147977052,0.5473691881417251,0.09018683832506469,0.8772737742590193,0.014032236509779028,0.13659958851539367,0.1469621910015957,0.16728149619320776,0.17152779053425704,0.08799893098195322,1
0.7485706324553958,0.5544068810405746,0.9811613898139523,0.07959931441538004,0.41339076257131147,0.7854533818204223,0.9826142303741571,0.35647470549629257,0.12652932168302633,0.17038189874107645,0.20382618259333674,0.5565227171786815,0.17074474729713685,0.7395449771192554,0.30693190520668356,0.6138332606367367,0.902802363169157,0.2911504111935306,0.781350436503152,0.07701396075441691,0.2526893959143871,0.9240093902929738,0.8648045132312138,0.5788765445876392,0.49695305245220023,0.17261376232655679,0.8441768862354724,0.6229887076745251,0.9107658049521239,0.24860994787693824,0.02179374763824138,0.8378690979015324,0.7675053006194038,0.6276563695003664,0.36399420927026416,0.6594269605510084,0.26182666327729254,0.990739832959879,0.44985441102067236,0.43765870930903417,0.2259194937313802,0.5489523483044929,0.8766850160225054,0.9381906000392215,0.141277097691633,0.5225912631632146,0.44934873941334463,0.47371680101672475,0.07450701947658656,0.0676816283001126,0
0.8746391054360665,0.7871480593639483,0.9906920274915185,0.15087580880829898,0.8600070346728895,0.19640253587906842,0.21692403447133013,0.4016174722544187,0.39643707862748456,0.05410972486998722,0.03658072207867635,0.5227275863210673,0.11307356948826353,0.39877015440124364,0.5705718379537367,0.7750685064643974,0.8115908378739651,0.14741850243238785,0.03132594825247659,0.4169409950130317,0.25276732903448174,0.6431977358449534,0.9364489516306082,0.17490061281841496,0.14048495915150938,0.9155270368901812,0.5035358855278829,0.006963444420483134,0.3495394550626234,0.1581883603145664,0.6319627081925234,0.3837402037202128,0.5853924000391229,0.763313269267133,0.3773046005235411,0.6395475520254641,0.4217733372527228,0.8101767423697863,0.5238463687637448,0.34174141605546093,0.6800161963086148,0.3313393075712019,0.56659711083948,0.7236491719620308,0.7994947971068457,0.7495968233199737,0.4979526973095775,0.9560627450125235,0.07303417903006282,0.625115801209594,1
0.4176533657020638,0.3760964333104443,0.7575532085483384,0.9504829337045874,0.6369044039422608,0.9567949427939516,0.922445212440832,0.11441241270898461,0.39517330438742737,0.7668378101439812,0.4802232583561431,0.21911289257184385,0.3236637740524909,0.3523424171815567,0.042249496426648325,0.030559839155320345,0.18815774021019083,0.3218976620786035,0.7010612117166122,0.5011027722726664,0.570826359411082,0.5257561650524499,0.22934210008070333,0.38734046282125434,0.2594433111469979,0.4729599771657921,0.7028381177359448,0.10040932169673378,0.7466458141648148,0.8166809290758851,0.913191220227774,0.09916863389657693,0.05916700017621834,0.24911498781256947,0.3369156590547734,0.21661659976576086,0.2910892019314002,0.6210980167510829,0.18352750003844742,0.8880637379542982,0.2013751541950115,0.7113863288904373,0.4156719582373496,0.40195813057500585,0.11398556597686604,0.8520273311200258,0.7754919301292494,0.10790606685522275,0.37844108425492884,0.8277416747077764,0
0.23895706841331843,0.9503502639944953,0.8367989225119918,0.11756771572069868,0.21656793636740346,0.9103611479998239,0.2869912798054136,0.8558982516686235,0.9336793187332646,0.7341572809899337,0.30204761345718,0.10775236572685376,0.6643451144092057,0.9963559454132441,0.906129328703521,0.052532058551208016,0.6733655989207022,0.34966756510603925,0.8112800399593818,0.3203279734703559,0.9522774369515289,0.8959204080416694,0.5230265020101372,0.246959354136988,0.18376887884945392,0.9057382478264244,0.3306039842251788,0.05065368131115311,0.6003403748784052,0.3931911532373197,0.911703284628551,0.4753881508949329,0.7533237312089288,0.19019689559005715,0.542719581173215,0.7790800863720171,0.365467945755216,0.9416689328856717,0.790566542787526,0.6452001837259143,0.8269889809945318,0.20565987749930614,0.5729955374389737,0.5040364124343678,0.8354159660119571,0.8690517383232453,0.7088954263272231,0.03332323194882281,0.8354397476477378,0.46304473370389987,0
0.37664144277311495,0.8035707059294315,0.23152472465253549,0.4348301506121981,0.2656662274548801,0.5241466983686675,0.6846149159730457,0.4007425640224066,0.326649445793912,0.6264073608677748,0.4651809094080911,0.5737014210656673,0.7124198543694007,0.8731796008893103,0.004257599122340139,0.5164456636044127,0.875131226132711,0.33533529039474286,0.3291430121858895,0.6109726952283242,0.526904270821794,0.7533575043522619,0.28705457545823065,0.15624366679561774,0.3957191603370981,0.9093363455074912,0.8524363893817749,0.9560805913740814,0.9754078722361893,0.7937805171415286,0.5913844023445912,0.14444629102415363,0.7782582165514835,0.22827304176819285,0.9013530071500093,0.8243929548565038,0.5557366296015548,0.5329110195841423,0.9707915586034999,0.5197412059174674,0.9356297302070018,0.24263262246793682,0.9106791034235089,0.918476809933997,0.6787372193549962,0.6805385968186687,0.3139439579063723,0.5138183258878393,0.7090944683723049,0.18767947807074215,0
0.3150122878237498,0.5722763568518597,0.8682277670346898,0.9223488481011081,0.04484594158448474,0.03595684653755893,0.6993490365681195,0.7884568354205307,0.21741168294623547,0.2232033306372746,0.5572853114241849,0.6412966099113494,0.3121883021270514,0.6276883902228099,0.6862824812515069,0.12970383902268534,0.9292395150855317,0.8429954461418865,0.04532674096979772,0.6148339786701299,0.7566126480595167,0.3652148576786842,0.02460538626163966,0.1015897593195173,0.8001494904163992,0.6125438932549178,0.6224081099950177,0.5432980423027833,0.2090258942850708,0.294236892515096,0.32572149941752615,0.37897356772956114,0.6488547847377002,0.9937449367971091,0.5105694635641456,0.7865688106543813,0.7427530638154067,0.7606622895555101,0.4398844429469555,0.4211887095032313,0.5251825688263726,0.7474781443497408,0.12644329466310245,0.45992411986051007,0.9455891654955334,0.5115361085009571,0.5586950578268877,0.45980381769615586,0.10252817421239302,0.38669574714077537,0
0.566490778093707,0.428787146968307,0.6329298655588259,0.004196792719630027,0.9166122747942481,0.0607479267018195,0.7676026411704157,0.340586800392883,0.40041252550613005,0.23019668844340013,0.5240756409532755,0.4750710058038231,0.5748917106387611,0.22782441578567258,0.8048576892035684,0.6993910201570299,0.23388277592631046,0.88351098041429,0.27500902767744506,0.6823907651421077,0.3040078777708731,0.5331995950046337,0.2388033130819035,0.01040789051901947,0.49257778244344363,0.625031845678474,0.27063746084624496,0.1562308609713483,0.5456837058198027,0.12214533114927983,0.39074982108575373,0.01608040032138769,0.7431368175756822,0.337517643746026,0.46667742042997884,0.11472216649861011,0.0851458294490347,0.06674233936863894,0.2884821223643723,0.8486459135638954,0.34175504428147807,0.01885263660029257,0.9310338714341146,0.7171361782491461,0.12631094055397163,0.022020761638994246,0.6068862224190267,0.441569740465379,0.8860034344918892,0.15874053567629953,1
0.252224186363481,0.22069210607979428,0.008705801121143386,0.7574707577977097,0.9348030309060252,0.8401386357461103,0.8565976398757014,0.06213866668123735,0.2903685918134158,0.24165919303811279,0.6601127441641927,0.6653007291902404,0.1690728499959474,0.4646892635447534,0.15561049140079752,0.4466464408612085,0.5357906880368273,0.8569857136557066,0.7477959105136386,0.7767209126482838,0.6801824266590508,0.8774051225911998,0.582474027874956,0.41241861956205506,0.8910738913902199,0.28733031165188183,0.626200197442978,0.3921637399476432,0.24659922581983218,0.6659203528042821,0.9491280456066655,0.6082305608299782,0.9634092335429937,0.4321784261058351,0.12119116079937331,0.7814776253151102,0.018421464455164682,0.3358696611251514,0.37160738772878166,0.32039254278342055,0.9522327800139097,0.7765989284383206,0.6639751658387331,0.5882147618946288,0.25090264204275625,0.13794841089667786,0.7417129523183775,0.7659017024477398,0.7289534176052376,0.5796456311307234,0
0.6510443007668958,0.9806619879436773,0.4207594479891673,0.2611666784021919,0.8885503130936776,0.40556430253650666,0.38235759595211494,0.8083333973429441,0.227089013001592,0.9136098624058526,0.6845900791498384,0.29708531924896076,0.6945815511410053,0.6988032487077251,0.6079890714662759,0.509125493191803,0.35911158166067936,0.5601916608226171,0.16223917193884763,0.7536480601457236,0.42635125214657354,0.07209940392885794,0.6439897811104873,0.2334296740770444,0.5660453037149641,0.40936217005192477,0.7332646855775315,0.7403725213538298,0.7328879733794775,0.18613631827535093,0.4689545778822414,0.6612281668396112,0.9393473312092675,0.3435697832114837,0.9607414921415802,0.54524332245145,0.03360612029479948,1.2844565872915936e-05,0.42867578084289826,0.9777724098951066,0.17687788255654324,0.9300697874178384,0.4523538817476077,0.07009258441257271,0.6477998991356183,0.024476011576595735,0.5658231863832854,0.32041790974226847,0.5718412457443343,0.2030848637014766,1
0.6140212152775735,0.5370480405750155,0.33297599201603445,0.8351679408423367,0.5144641058857687,0.7930656314309223,0.9273260454797297,0.8452611434104663,0.8860363181579822,0.31161206765324934,0.5447727523588735,0.3126608640034698,0.9933056054882988,0.5003906770127272,0.1165505165500238,0.3499547452232653,0.5755562528527735,0.8690847127826703,0.42853580523249335,0.15382742201268063,0.16353101701078376,0.41603751509804465,0.1361389323839718,0.2648207213040906,0.33468458206673024,0.4698761156284502,0.9286748491299873,0.783421443943613,0.4662290696260758,0.3841596371281738,0.8615991795493899,0.008691683927913196,0.22346246965539762,0.1479654291011333,0.9466015063823724,0.29277423862176866,0.3074497852509259,0.08560755683356003,0.5579585205386252,0.07979297495167059,0.8580636428765341,0.9261290495311099,0.955561494993951,0.4303711074854889,0.0448879301259647,0.603650875453383,0.4461580766765718,0.21225485499238828,0.16060935063021764,0.6441571798041544,1
0.01344126705667903,0.6660560406681189,0.22437383494329077,0.06921328763313983,0.4072104469748835,0.8372221729207301,0.11426825863365586,0.9325739084080115,0.931023985758327,0.32241158643677037,0.022294692872254385,0.4993834941606702,0.6019592141043568,0.1677375904888001,0.5582197033444394,0.7474544054269533,0.7039394775024984,0.1597888822396848,0.3526599850169735,0.43239419195830253,0.7521684131054042,0.10474348377974352,0.9761178831032167,0.5650731983105505,0.575389753836047,0.8521479021056046,0.8911758960695556,0.9955691645409428,0.05419616751155598,0.5010557742199425,0.14847289890913595,0.6568878789237993,0.11531349429066584,0.5258513996499897,0.843713315972971,0.7786451839918191,0.03710348504634997,0.4751073746891119,0.045512556758393385,0.5253390168957192,0.9547044716806603,0.5171768241141378,0.6581338176320264,0.5347491965830966,0.8289101324060205,0.9158762471437445,0.069420191298868,0.34895769018791145,0.42534747107448145,0.9637690270691536,0
0.63163676488986,0.16831518107975696,0.8639112403700181,0.5586488696600169,0.5630604223795344,0.38123537231705296,0.015330423109890301,0.6362146950888372,0.7474220230160892,0.6698349918664832,0.3479859919950141,0.6098196662227394,0.18945422901653153,0.17249173084826352,0.15356112585383042,0.09849984473036755,0.18920968643031055,0.36319629878746373,0.6569493506998069,0.27552285221174655,0.5887355892192714,0.6034522649043549,0.24130944921147168,0.5637018201586559,0.42136820744005454,0.17987710780692756,0.7251649487309615,0.47211184477869983,0.8667372500155264,0.06488679422704868,0.7348067165703529,0.35231952461682714,0.8437793026201983,0.14523032163057736,0.9944339938097005,0.6736895134015155,0.07567598783559837,0.08936248424913007,0.3130453249434566,0.6640191673198289,0.03155627567111763,0.44136601357507566,0.32219544667917643,0.9445370806497728,0.4573979658351085,0.25519324155155676,0.19777628447972473,0.8516403920611229,0.23952257130013666,0.1427443330821847,1
0.0922165880332817,0.8378039978871753,0.4580862255567688,0.9266329116401755,0.5487125139041378,0.28949481119471066,0.17402941831872676,0.4174229912564129,0.641457779216709,0.8247933027170521,0.7729243363869857,0.43778633793879995,0.4455155572218701,0.3630872175469132,0.07563535632244334,0.9786039726689295,0.8807963600269543,0.2544181809874996,0.19224346255988967,0.137651968266722,0.38577257246840657,0.34091508367655954,0.8712070851888,0.8061431454807191,0.386129794707437,0.6035749174260113,0.9163175693332303,0.04898893224775269,0.3935023782808156,0.08724007323311944,0.9563448159495239,0.8751079115990349,0.16582564812592637,0.8308814084353378,0.22091452672428746,0.4764580611399616,0.4547815287509748,0.37110782829374644,0.9338285274188491,0.4474562053219082,0.5274194577146514,0.6618284185639436,0.2518572286829214,0.5397922066479229,0.18806654723725258,0.21132276763594215,0.2531110363428837,0.5060874120751476,0.5452101467158852,0.7403442862951969,1
0.3102049112880608,0.6748724718992573,0.962145467572687,0.7808020480510965,0.27475753381201884,0.4591975562101477,0.28258706028271074,0.23104539981664418,0.6889874949319376,0.8225181956583184,0.798683744295544,0.3902609111820421,0.5168930884346481,0.5750764584808102,0.6501181688414968,0.6253942971523372,0.14964649777439243,0.8770766598447627,0.8966589447776835,0.3807693604227791,0.7243737497390046,0.37731413737234376,0.8398862594906631,0.7127739143964202,0.6865038562738802,0.02041483346391426,0.271090129689615,0.26342046172694733,0.47531689610174954,0.5065051895499137,0.983636751352317,0.7904407702010458,0.06373522174919033,0.9223814481759263,0.33374653772501117,0.32411489523950954,0.4125543016672357,0.3843785294370735,0.8608302118859587,0.10169593901860519,0.30935894861943447,0.4585252844607669,0.9845108295849382,0.31173842395786533,0.8012762165650815,0.7233602104956347,0.20634738768201988,0.4214599232434344,0.8350104241920684,0.0678060882591488,1
0.0698894055669621,0.6086442081872425,0.22339438969657555,0.6828192306891312,0.41829402527349513,0.2922141028981814,0.45828734040441743,0.7431811239605378,0.8704290301412982,0.054851909272222055,0.45166362719122644,0.7504661557294731,0.7909148188744123,0.2580904859499793,0.18740997370982793,0.01627499925723286,0.677764524044436,0.8186406693125645,0.7915375370624215,0.4537389692061575,0.37621631011983314,0.9172706005296097,0.4580655036528348,0.3331248137271371,0.8637548641919501,0.3601743533308035,0.7301727562655391,0.41780828732765196,0.6348459748401069,0.1021271816171937,0.28775022884691015,0.8595775224085148,0.7771818953236812,0.9467913136008143,0.46467445769904303,0.46458873583837246,0.9009703678790245,0.6618480413347887,0.09414158633938496,0.7786779020081955,0.601410281161268,0.10241227591643198,0.9730134856878107,0.5292220912498072,0.37035794631977814,0.6624574540965107,0.722708769905473,0.7680853605856443,0.9337534977825921,0.17764557815974558,0
0.6766879622348064,0.12634339443386544,0.17746255953645895,0.445747853801595,0.5516604208213169,0.3708685342856002,0.280245121383363,0.18815236883852093,0.4059251891847746,0.4751560199951206,0.6479360672948875,0.6515033983851738,0.07237195095959204,0.3649043174035467,0.7047361074727294,0.05551738803095396,0.557116457793676,0.279952819487012,0.0549553214401054,0.11013641235103677,0.8162376563323335,0.49110616726790024,0.19738189431687603,0.6714549223778132,0.09394876760266269,0.14971271542754616,0.8274136833314764,0.5015003041760724,0.21711275564789012,0.9252978638844882,0.19083359771112574,0.9802181235566266,0.6544759493931308,0.4974683942111183,0.2776627291836775,0.4996351861932218,0.3894077638386869,0.6719001784576,0.9129265817716459,0.9612430875900585,0.6211040933393123,0.8720075498046406,0.09568117478628058,0.2405867968250407,0.6172375857818434,0.8220219800200029,0.3609976622353227,0.10493194921595428,0.7438481732478642,0.6755076384769914,0
0.9364428802184395,0.09348919038789527,0.8676508853083104,0.34600931305558424,0.41127830926841125,0.33038588852490935,0.10579487172253432,0.8503822314684258,0.2544768929253928,0.7785894806881294,0.791251403441578,0.5070583829581182,0.7182140281881678,0.85854769962295,0.8948868937209323,0.5181721271769244,0.6412368193002691,0.6511041670344333,0.22385074780535885,0.6106843593246178,0.36220007682664224,0.7268055988895123,0.6740834467018069,0.12581812198292475,0.8294359444120786,0.9456824330290347,0.6001633271084613,0.9961328586655157,0.5848403661611578,0.607657555930473,0.9220280585080213,0.8474194470652867,0.06635711798136867,0.3999386339404304,0.7081008329748504,0.38249927915359516,0.567547586621894,0.06687395209560576,0.5873757624471808,0.38657592821450204,0.7502101875619392,0.858052664050949,0.025185028605194004,0.32805210396888385,0.17721295560543704,0.3585981530023674,0.37484399667300206,0.9165753066535655,0.06479843384336559,0.42828086354168193,1
0.8452848027114008,0.9900825602616959,0.9274321188665412,0.2006961616747288,0.7799527088691398,0.3925049236081949,0.8917647256292652,0.7358372675436595,0.5442172054103375,0.6164627184208301,0.2335569421678606,0.6223309494016575,0.2648371488651663,0.010128322119639543,0.9227655322661431,0.5645085373409674,0.7387777008678846,0.9887703877974097,0.7755681775461435,0.5313565763296743,0.4489877203659418,0.32549971162000046,0.7493236764325886,0.6059255276900359,0.5720028517764579,0.3557754179691478,0.6979473878526193,0.6701001394520961,0.8309241780293728,0.8565456036636018,0.5299674452820891,0.831767591851467,0.42092250410382703,0.3833032047954622,0.9792586125679625,0.5167278195919646,0.43115179657078195,0.5996377114973045,0.22414771047354687,0.6014627714537206,0.12115302260669225,0.654495488577091,0.6913321581605179,0.735731106042963,0.1872685448360063,0.3622152986869095,0.19521965634519245,0.48858730651919513,0.19223515148359394,0.46115692415665643,0
0.008758647492176141,0.7698296373557018,0.8425413793743762,0.21240807520268257,0.42149420336983445,0.11505586279931002,0.3564903742852925,0.8196210720547394,0.08109053058096327,0.4419808822752842,0.31204074360253986,0.017133962276744574,0.5095040579860286,0.5831965686503396,0.5647305267176054,0.6690582114095956,0.29083812679185905,0.14351104168054996,0.24931211489211058,0.19084761718386833,0.11259327447385115,0.4418842836586515,0.08790696907276174,0.24868497524073863,0.3533466114752981,0.5548263188420153,0.6567997826302678,0.17727034196042535,0.24456673462967138,0.5919618840065655,0.819279354094268,0.06871821676076562,0.3383871273303849,0.4908287857716309,0.8926784795367364,0.8405223944832003,0.5093123332127795,0.6579675735461348,0.8820270845332716,0.144956868309293,0.29421335241922497,0.5256319075186545,0.19519548184598912,0.4622232806946185,0.6080904104359557,0.4740042522287381,0.0265259914588446,0.287174632566644,0.7581936412936295,0.42964175653477976,1
0.10117886813315602,0.2545754945755665,0.5512614666623324,0.5894855904774186,0.3031862705221814,0.8779109546224346,0.9351899197425467,0.8739064049586822,0.05151246656387043,0.21140084685994542,0.7588755759996647,0.9873190838803779,0.25303263966192024,0.49696121778089175,0.3576546784308777,0.9578677482157911,0.07536371549057908,0.8275330679736281,0.06002270170085422,0.8872839416287852,0.2221576338707696,0.14961269607473304,0.2004912468807143,0.5537417092137595,0.7033753782390568,0.9814769854123023,0.2595067701548299,0.38321839379941836,0.10222425696398396,0.8014632308634564,0.15826903705357165,0.872417292191567,0.01755514415058257,0.30117665509880853,0.774356065700297,0.32014797267370754,0.09189921195165207,0.9896109641185733,0.019451178190295182,0.2573364085964954,0.6656025972675202,0.47122585468724176,0.04282250189513037,0.3003933712971094,0.21188782613903157,0.4364863624957118,0.2964502949264717,0.06850838214790345,0.8016372103757561,0.49623041524071376,1
0.1136689754548943,0.8104763167048747,0.027881315408457508,0.22553379691189668,0.850440080858604,0.25541354087846224,0.8214163102122586,0.30913154851898084,0.6942628505944913,0.215505505856735,0.3210405375684371,0.0716906784341258,0.8188039709725623,0.9425489902815326,0.13074269534004002,0.04017989567685254,0.4688030074256323,0.5673328661282809,0.22967830051181437,0.06965560076785116,0.6303737218052573,0.6736482494945403,0.22185546888057006,0.3593100040340529,0.6191421577570361,0.4386870913305174,0.6374622457927951,0.36546325684411496,0.9402707335475334,0.35989753525112933,0.14477414936225386,0.7057273247950351,0.07047993213601489,0.5983412726968718,0.9015811995549053,0.6297777564172345,0.5220606678576114,0.196556297671727,0.1539716395113998,0.19660351399358633,0.23699320814882063,0.2109810428524287,0.5748018101798676,0.01893185958911947,0.43581343850883136,0.7865687172063538,0.7738419546112298,0.5186585114288286,0.43731256901337157,0.38317638403373067,0
0.1968014102803758,0.34198701769177053,0.45469989127556987,0.09858685350042617,0.4827685912122799,0.6579939277243666,0.2837500259418375,0.025041595061352284,0.46357019806878275,0.9176821474391302,0.9882468686233924,0.3884325759599949,0.29754834355936044,0.463176846189327,0.8375177165630092,0.781640666936018,0.04798913096854007,0.31104247258282425,0.5012711326393676,0.9362569483705204,0.10371104916704443,0.5758887618951115,0.8271668723897339,0.6097596529211486,0.0234250804143461,0.02815267741135863,0.6633078397312547,0.2202541714060675,0.6745690044774563,0.24543408824207968,0.02200366488950667,0.8535183223806024,0.29007793611299704,0.48374597811862263,0.954145519852067,0.16165146514661932,0.042748052133527614,0.5134372636127996,0.45471699592165393,0.42859540418039455,0.24316886248436675,0.5238375550844379,0.06331343648573873,0.6490407078820388,0.9599955911101214,0.11641387671385084,0.07220462188844412,0.18882324061392808,0.6239124356149297,0.505810955029278,0
0.7939062181913799,0.789232900396712,0.04075708500508557,0.583184627768115,0.045061939331561884,0.5723738827103215,0.3484227739525635,0.12426474151678679,0.49003245650105187,0.9850577562263636,0.7963106311469866,0.83985499875838,0.2559507561276305,0.5855425303157274,0.4364446045680428,0.9338410363477007,0.8682906304427923,0.16407804237229096,0.4882787963828982,0.8505733992533782,0.2728941181991442,0.04299425230808862,0.8618666501410971,0.7836934607238536,0.6277397138379331,0.9824192466745723,0.6930155619591679,0.46828824062729635,0.7819672158685106,0.6724280891042473,0.1477650302661777,0.26724241020451966,0.7110181070130317,0.04254077859154981,0.7943043149098712,0.7096651609171382,0.6030417567415812,0.6090704631636343,0.7597314177419581,0.5454654642813188,0.018345686708391762,0.7496581257588989,0.673121750886055,0.1580290875933632,0.16568291850875883,0.7301771943638645,0.1278629132610628,0.0908906226707723,0.38183012793849813,0.1977238743687313,0
0.1047888822083266,0.3100029756634851,0.5702102446475721,0.7657785504681338,0.5589465069742888,0.715825198785458,0.8188877035479383,0.4943510977976693,0.4656539517060674,0.6446473796597232,0.4250993830666385,0.8404413082626754,0.7939395659228253,0.9002136204937945,0.6712094001643247,0.31106133115037626,0.32350769012992586,0.8210436993344036,0.17879568034686766,0.24419982487317937,0.13850042778962723,0.7590018096225324,0.8323059573614091,0.8037714939684475,0.5127343872058826,0.6807776248548735,0.4183991567362725,0.07264621882007805,0.49330132899306556,0.6858868711544461,0.8013975722220956,0.7582532675604968,0.9090785753629286,0.16719505228561815,0.18587037933038864,0.851003187271307,0.11081774132327982,0.06435972799028589,0.21526002076484574,0.23347065977753956,0.06700576265507185,0.9391907475637782,0.9893820430189602,0.3515019806404188,0.4427633128017531,0.6325995013764432,0.8310723951858972,0.8323420930712858,0.27134877905465427,0.0035092005440060525,0
0.78354822754488,0.9311747333687166,0.9407544996726865,0.809096543796959,0.7635545860890262,0.2734373782284668,0.6324748943220592,0.6266275466647877,0.01986242709724606,0.66265843805182,0.29232367899370937,0.4525556059787562,0.04907962866290094,0.8229652934607558,0.9077299846977009,0.2436949822924671,0.04988483843469005,0.8920957803838583,0.8453930944204803,0.5642680868272972,0.12868170661010503,0.13185899173193283,0.3561995433545285,0.6733542894827199,0.7550908113068989,0.040659632092815645,0.41978174334448226,0.7485292598998752,0.7465775842790321,0.11495881764598892,0.2156569190002674,0.1852665530613513,0.27741062104001146,0.3733479455548021,0.4038132824056687,0.5516428787455946,0.012304271265300426,0.8248590121109942,0.8960921711556515,0.85636288210288,0.3484140143700004,0.8747949813288165,0.626155883933414,0.5309625638531468,0.0387853451172967,0.7733398723389432,0.28378974984615657,0.9011821986520996,0.8105028217388548,0.06303715428767276,0
0.8056635154404658,0.20914182228910616,0.24304643376547308,0.03594773050277844,0.6028474473381871,0.9831920182218389,0.7030468012139932,0.4865626720622095,0.17925596893668916,0.7547476864773544,0.40169750200133003,0.07117666920652854,0.830567976085836,0.6566845275293948,0.25196314083508864,0.15241688606711234,0.5518924322261881,0.14121785615777316,0.779235786497774,0.971036844732622,0.15071293669004737,0.3999525232454382,0.8988116815804584,0.6364816576775284,0.17892817924476911,0.7654701793908724,0.4302389832377681,0.9809503630849048,0.9273218321817136,0.00990784389473287,0.21881979513550764,0.125872458145609,0.38927583882979666,0.5916268381049031,0.32165355252656214,0.6470024144774318,0.5139617220122249,0.5760408641606796,0.40858405417831445,0.1741250934032481,0.7111759825144724,0.2737538685142503,0.7412458567035941,0.18017488590885,0.26188427819133675,0.07273505890473797,0.7165005385768067,0.27060246120379683,0.5641293860699385,0.7376626027445737,0
0.26623146288652433,0.9386189889338545,0.8581038103716518,0.8258231693152156,0.6903143109417273,0.5410061720413089,0.7374861692245596,0.1789790764939856,0.8793059049680452,0.5565057080652049,0.4588393799120345,0.24058582559722663,0.6428641853181303,0.37494376570597354,0.9409743853480519,0.40073612983478557,0.9130264847230674,0.781023710387371,0.4104698378274745,0.8946522992639365,0.8900181493529171,0.21297806128878582,0.9643036317520033,0.6612158831371012,0.5601629240562723,0.5425865341145829,0.843319036082835,0.41571484396989655,0.17242704878374104,0.5699116320765413,0.938844085174238,0.6012578116871345,0.6335098412683277,0.10026528340573959,0.6913117969983403,0.5050039283808024,0.6287068005007094,0.49531092335318694,0.88389729497938,0.22285085899321244,0.7794689027210514,0.10577568976210572,0.30536012592900286,0.00639345427732585,0.6648619742018251,0.5568586946429922,0.6977737536292056,0.09773837041347933,0.5146422179918506,0.09350298794095424,1
0.4744843041098693,0.1825886451335741,0.28357535825641533,0.6318529767392418,0.4129979694557966,0.16182144010940624,0.37618834638087395,0.4245999035049879,0.4923044747344878,0.8432154788851524,0.12138918446862901,0.7192176854709511,0.2236122218192007,0.27425904032157666,0.9313527050795736,0.9212498363592512,0.2165861885597613,0.09363916145884132,0.8113859326254361,0.284420880246846,0.13826111316934409,0.20127779223260078,0.06549937318703047,0.3499342132173552,0.6937439148114254,0.8331825744086203,0.3189153209799006,0.4768832887410255,0.13985117127818036,0.011134931591268882,0.3081062547990655,0.8167603809443262,0.40470660715124873,0.7373092020077104,0.5723359501101851,0.008777287666808742,0.7618758859506233,0.19077222938952987,0.0035143460481928956,0.2129818212840141,0.48987095044870443,0.4492787922177284,0.1942600446553897,0.6546056577985991,0.9559308968128196,0.4774581988734945,0.6418272849342996,0.45051978706446694,0.3526519992868502,0.17345653441507514,0
0.7019916354583388,0.5726381453768797,0.133890054060956,0.8624247950241852,0.36420893358546014,0.5433310347931819,0.8313078960794741,0.9190718505314183,0.8261972154363453,0.04654628572631436,0.2342015053715274,0.3226396943429639,0.8401116648035625,0.689500026666246,0.7369330450925243,0.6603631690508668,0.0015395772517859951,0.9590859050860602,0.7588589940740176,0.08132333592959551,0.9770065684579466,0.20860378016538095,0.6023799643744256,0.9427452505947521,0.4810982566503127,0.5489152085800891,0.9522143337213491,0.017349637585470035,0.4666988717949627,0.7019120049915616,0.2699070951658653,0.17014214501528335,0.5435438885101932,0.8209882085689334,0.05363018512668227,0.03037380957553848,0.8727241492312028,0.5750636262287108,0.24964601015181553,0.25905102212952447,0.5499706328174122,0.559897283814178,0.8452763116803886,0.05573667931834514,0.7538733015605323,0.6165558630625836,0.03840745930068401,0.884247568681434,0.46516560877173474,0.08346486550149479,0
0.8708705180877162,0.5491820227029802,0.9378485794187974,0.6399557254125426,0.11655727672260607,0.19740591812139663,0.23673098267746617,0.3346453864485487,0.8931277327727903,0.27117293809537824,0.7489150897870711,0.3127228962132159,0.5396020250650024,0.010934922722466878,0.8179729200559557,0.4315347675331489,0.823475271040392,0.9904506819643866,0.4600888632917366,0.3434847203117172,0.5353216049789111,0.7466328075824599,0.975875004659923,0.1282820282281062,0.08211929863578671,0.3588899089414991,0.6076074296033965,0.4128513342922784,0.9361753209829518,0.007239098377702535,0.6273013798924744,0.824418570562432,0.2652014004828118,0.8636470570212968,0.9787047636539278,0.9494786533336701,0.5072337264147048,0.3603004202199993,0.06437385104397597,0.9347099043119083,0.2262196116033025,0.4774487165574367,0.8310701420159746,0.04039774782884087,0.07982082941352531,0.3316907346453083,0.6950514344921653,0.11525963962165453,0.1930285330789323,0.22597678402256316,0
0.28451473194668464,0.37733767493650106,0.8266484271030616,0.07349095679210627,0.002015642213922475,0.7086915036583229,0.26701902849160364,0.5148893374081772,0.7586939037058367,0.20206788812302878,0.25432692337181306,0.962095951998368,0.5676108903804817,0.797986294487061,0.5714244938161258,0.6794363347614052,0.7935637860185841,0.6371318414982519,0.08783297445101357,0.8979518360571078,0.9147648638102135,0.606940580867128,0.3598380690840908,0.24943747416003814,0.7836099994396574,0.19541580674719705,0.39742426795243746,0.3722190487206153,0.0966553617407202,0.2610035264829984,0.18682008062388333,0.8207536186636096,0.7068681288421516,0.03732636553377733,0.7666402722357032,0.2123024774492699,0.49936746744495497,0.8453651086864279,0.550428412775613,0.8076421971661193,0.6587319339466007,0.4894280923674973,0.9280322967650644,0.6726136634755087,0.36521191642161177,0.6018252750755839,0.5853282874540484,0.3993987193539231,0.7332932807452391,0.9969103351534099,0
0.3617858145499179,0.048751996365288486,0.8028118312343858,0.8493960779159025,0.6789056429518151,0.031147809152129224,0.7160655920410454,0.3703857363173607,0.09080403480071009,0.5879614713604703,0.3371095444131307,0.5753287928805133,0.013556467550068563,0.42600990045243625,0.5291090239704622,0.3447984811616237,0.05566038965084019,0.5718327377614938,0.21227069277979205,0.5661840114149848,0.2898195658233266,0.5020335430432229,0.552667257244012,0.478406715839668,0.5091397599705508,0.2728499983668151,0.6565797840615786,0.522168287295653,0.537604661610857,0.7646479154838912,0.08355640808780296,0.08990256488048853,0.976479958134296,0.8155810706293067,0.16326730666758615,0.5387717612119866,0.3752203024296359,0.9109185797464439,0.7581191513875442,0.9247943584600685,0.31112448628848643,0.67205524122968,0.14430519894160776,0.791313408640022,0.13487879561324312,0.2857875501660352,0.5943678517187235,0.3144417324194977,0.015600378693376049,0.04034838311310751,1
0.7349208909067213,0.9995722278668797,0.14418628111132925,0.787762380951071,0.47900231630349865,0.3986212861144858,0.584322679793152,0.341671352437412,0.7655520439872662,0.07743313244398986,0.921849563633763,0.7555145945635912,0.2157075348895212,0.3187156812901373,0.7380950168731989,0.940448280905029,0.4748654444921815,0.8276990437942299,0.03973838457894063,0.9941859495958366,0.8521395423624464,0.3468704711928281,0.12031596117534438,0.8888562760386214,0.4641698780756728,0.5434763817384114,0.6816096069515986,0.6254536791952952,0.6193521503505244,0.015683782725206763,0.12113789434859623,0.3788802865752844,0.12983029621107733,0.3605582308835842,0.33584881920179777,0.23225805441719682,0.4599810281766926,0.8512886210892839,0.5145901954220664,0.4726318241229498,0.47213095513012504,0.47343570168146454,0.29797538654189204,0.9943137077675582,0.4776887465165425,0.29160696125266683,0.6550451780044878,0.5732727193389576,0.0566923146680377,0.209793487365726,1
0.0938445704488966,0.06935027459590282,0.726271062604249,0.45359065496288886,0.7309429962430558,0.641381676287013,0.8421271641340987,0.18871224802544384,0.2908585163804558,0.5726174770803132,0.8846503520605798,0.707953492108423,0.01991936345037315,0.892733576002745,0.9998767129695664,0.19754887195755255,0.9973128752189856,0.21912468638249216,0.9076282426575876,0.7542592017561809,0.04056896984939595,0.8510343255529856,0.7975106702941764,0.2842582844105803,0.10273228430022496,0.913519729730318,0.4108245667893037,0.5310666462664037,0.5730878913517001,0.9665552794940934,0.9490532641162465,0.21384477802771185,0.8716678531087769,0.8281164546392944,0.0032578553853460646,0.6862947424833379,0.5175073816227678,0.17812320499847023,0.8054658467093889,0.8324139325880314,0.1672462665158424,0.37485579646383205,0.2621137243328516,0.08421130703923507,0.2757011050572403,0.4832451647820951,0.07632891848805834,0.367678742664691,0.2631794957254908,0.924458179742447,1
0.9589850184327624,0.058269447605254765,0.05894146688388935,0.6030914692894731,0.032061145394515655,0.8401877689332218,0.9353667534845144,0.6411284376264892,0.4688995680574489,0.801226142344466,0.42862978718181555,0.8069071868933411,0.30251575636405026,0.5747604809245878,0.35670813444427885,0.656127100519366,0.18738402867872817,0.4759528239839894,0.09897030406603824,0.6254932192110232,0.6551137799003055,0.9552687893012568,0.16349571691505316,0.9075184440669057,0.3294827959784832,0.20024608958179502,0.20616453373283739,0.41789576199587875,0.5239230043062495,0.9032843355416936,0.8938998583088192,0.06915153700570564,0.3894997429897685,0.7038942942415245,0.08803691378746359,0.9003281685505962,0.9689608301531397,0.8050506865735467,0.1074644843284599,0.009408092182546235,0.009291015538722802,0.8527619627503428,0.7902032425941498,0.1970682394784904,0.7325502937790463,0.28285860717893685,0.24054036821521274,0.7184018249606002,0.08167241989370744,0.8934779879273009,1
0.14344176957873067,0.697967062675149,0.508627156109484,0.18948323395215128,0.7513760758466974,0.913247717480803,0.3443275868609821,0.24750671072927632,0.9222033416952036,0.8983555127388994,0.44953465839517825,0.7740242647453727,0.0008444432953033099,0.272698262639241,0.7260432716433725,0.526905701199543,0.9808202591390593,0.5241681523110191,0.6474896610561565,0.36737952448288336,0.4439540117933888,0.5795838516329995,0.5779179089150622,0.8861673854378993,0.692765018266905,0.6304210666068197,0.8704837099452382,0.7480051984745487,0.6745028437902035,0.3682524049217223,0.20748936887344738,0.7419858743925185,0.18807556662960345,0.2357777676103977,0.8484713457873319,0.4878545542182259,0.9751573547079566,0.144299286162346,0.038485697644885075,0.7692909571189456,0.9146902971592086,0.5752999395546878,0.1256197503034031,0.3216010912701248,0.6505168546531541,0.7363649849146374,0.7743878918721306,0.1543950898856108,0.3144408339774696,0.03196201070328908,1
0.36757874513477407,0.31183607777887545,0.391612050930479,0.6659209435644081,0.5971212076809665,0.3484077593740963,0.016125529272949413,0.9612432483073692,0.9843732608118088,0.49348597725111487,0.5040675157208265,0.09949743892761986,0.8569232364263006,0.619618448602735,0.5343520541083472,0.7283872564122622,0.7829936046894261,0.8311387668917045,0.2520857438432643,0.46267197244305325,0.6166351156154659,0.11214662814841214,0.45248626400486947,0.6841209922021172,0.7395628556868973,0.30801359070322776,0.12762671307929163,0.44175168265926046,0.7819328776717593,0.6536320564561064,0.10738872153510459,0.7205487749916417,0.04207852800604439,0.3472281311538358,0.7593818251861543,0.8962956112265609,0.5571774442310904,0.6582173774374573,0.9766922382748903,0.5460922412933755,0.5326228266355042,0.5074222889937523,0.21778076789245338,0.8895706721067425,0.02181334315943695,0.17449423736162717,0.8513340948492729,0.9299031252979681,0.5219242133820875,0.632359803286016,1
0.39928826870926537,0.8611075949739616,0.07160678645545682,0.919584409249561,0.6557889921728094,0.06962909541570406,0.6392300964850723,0.8739053782185829,0.7980332690942404,0.8890799280346884,0.5736978632233372,0.696899427993886,0.4738987463773826,0.14371732959909,0.5092544302173634,0.25649510784020735,0.8976380603459946,0.8247312317644085,0.32232595916305307,0.5745229950355392,0.594148862523691,0.09303474224157116,0.44773643871505175,0.5887941355536145,0.36102985606207594,0.0710367774686107,0.5539264448153531,0.9938103319821441,0.5136233540561027,0.8370254410797958,0.6427988418593904,0.4653170686521777,0.9835132965192214,0.8519762419123446,0.05506641528471601,0.8553748685556507,0.2550235225758585,0.661769954082362,0.12287890418569147,0.23697330024122887,0.7989094876316183,0.7734719605815334,0.23567193496664818,0.8244321568137363,0.9117345431229087,0.11386191455304984,0.6198790003340158,0.7336554094722777,0.38642765446869953,0.08067885118998008,1
0.9104499051178719,0.6417874513247739,0.7923530799064782,0.47980436615859223,0.22452713500862498,0.8064550948466767,0.8716969768361709,0.8730640205091965,0.74932510624976,0.9018011265230251,0.5617085395247081,0.05610976823418046,0.47571179951823894,0.17175056539412015,0.33224259093705044,0.9582684672351611,0.47505590680124443,0.15905768035395917,0.15851178044372327,0.7084983611927907,0.8980054933919727,0.29737364486112505,0.7861419702759158,0.04288856399112251,0.15900630269910832,0.2959988760817852,0.627790271983876,0.4371335203598117,0.7699519759217872,0.06910323273940222,0.2254782896872819,0.3663277943708232,0.6375054554100578,0.1371396915395532,0.3024880946442141,0.21680664420700368,0.8302116151945486,0.4383359787496167,0.35758825063211164,0.6762813264516938,0.6711430306745432,0.6379544366971153,0.5369507755213639,0.3391599592041984,0.6293570627295899,0.6617863937101676,0.37595178796719075,0.734001014792684,0.013797069071669998,0.5419809571942525,1
0.41573080500279314,0.08764641020556618,0.15964352227573975,0.23552984223273743,0.4567548458123766,0.5294183470219608,0.11784237889022597,0.9684544324099466,0.5676403896999904,0.22070156170315147,0.6054158448356558,0.467083383824475,0.05956218196787033,0.8797042202855292,0.608266638244282,0.3904496620321378,0.6992324632063115,0.9377712561365323,0.3837223814599038,0.9246348313917373,0.03767420402465249,0.45055728528108774,0.35457338697236096,0.7443437498255528,0.3870517675014201,0.2507315982599363,0.5890577161806219,0.28209042334669276,0.7683591517932382,0.17420547066976544,0.27578836903585513,0.22900386583086763,0.5621820769769937,0.7983652780201735,0.609994705913032,0.48753045140983764,0.8320017556963258,0.9807299396347162,0.6035258907106311,0.33124558680895533,0.3031534385896544,0.7569017257346755,0.5413085986900333,0.6241006086253786,0.2939861540988128,0.5259783185679031,0.09382428698090017,0.16171866674942814,0.6104018105800898,0.7795486238671956,1
0.04088930176296901,0.7400149250735678,0.32542542859146595,0.7386438585369408,0.7799615832824357,0.5670793101779114,0.8725508899137758,0.005243664241498802,0.4251921715460989,0.9076772676742089,0.13707620202161308,0.6581530972987081,0.32033020353582686,0.048249112098725844,0.93504034781466,0.2709726123558608,0.5836681121258787,0.29420798011812355,0.9688246483887997,0.050989988116506235,0.20658715751996004,0.2643847446164229,0.8879021900347251,0.44484493221881494,0.47844149348827725,0.17953545061119758,0.8222412468710901,0.41394151751015595,0.3384303634776771,0.19049494476989814,0.634655056421158,0.4380446792784143,0.503111136140961,0.3842041297410618,0.19126535354441032,0.30055432799640536,0.6651975198491998,0.3265627070341308,0.5072733135336177,0.9789730245879694,0.8481818796395292,0.6124763147028903,0.9430028797300327,0.8447576021507411,0.177840960208987,0.17995141580397367,0.7741578229002819,0.4947772885511138,0.8794467182536367,0.7603043376265023,0
0.3609991445760228,0.2311399479790276,0.01057901774457537,0.9575982567394582,0.1213703562620303,0.6370604078590131,0.32352152260477895,0.8794145166669617,0.5630124866374001,0.24720061761624312,0.11918255613386253,0.4675298165056647,0.6241865859326926,0.06588190144661588,0.26703813634543083,0.18213538801076568,0.6970725776800589,0.030360756219120932,0.4592040033918091,0.318450153381874,0.6330140564163624,0.7506356612446249,0.11621631090583462,0.37001329396883165,0.869845625848727,0.18869879825336855,0.9447831678935918,0.42349959261882175,0.7092606466969796,0.5476971209858601,0.7737980960147722,0.1596861723408235,0.39526464076321133,0.21815257277322986,0.4038671472174027,0.6478001392604512,0.7452431794996782,0.24228768416766255,0.015905496025624632,0.2589402542195405,0.8305225154631045,0.4227841063476252,0.19304729604504645,0.17476436223411196,0.48681992585506473,0.8556083802017017,0.5684652244240668,0.21642567800531964,0.7852688225999813,0.22222633741001463,1
0.06411682898152815,0.07239524218472171,0.6848266917438082,0.329799654493912,0.759636307699744,0.09211196710701186,0.839523078767949,0.8421210153120557,0.9774550178042626,0.40083661549738725,0.7021738650113811,0.9199152865553697,0.8245244810981073,0.6622302716717466,0.2740773726583493,0.16293207965201206,0.05474340574647518,0.002265239915909878,0.2530571400829136,0.23787390155046928,0.6373257488927874,0.9004199940714279,0.17431488044712606,0.04864800794415769,0.7824189413346105,0.6165973570629389,0.6043003977144021,0.32924723917086374,0.256720438567539,0.09643571336718693,0.11071938897909184,0.9344380162718063,0.2571923514171658,0.6413796509820501,0.26664742572315814,0.5604765645601377,0.030742436530064143,0.39395128772069377,0.26558089070169366,0.6527730583319439,0.982928184921933,0.18336535056607006,0.7774631201830745,0.035180883713884725,0.9804264103728146,0.5107739632813303,0.9912413045909433,0.7051391810847467,0.5758613875963111,0.6654277378248978,0
0.5915183011501014,0.2455093450996948,0.1269011543982448,0.60435117544764,0.5896628663784762,0.5729031040570273,0.8861474835511036,0.29388928922880353,0.05748717579358875,0.29732925357754314,0.7742325779849901,0.7818237523706842,0.9492206952910357,0.21884456697228571,0.12713421608529796,0.8228022114174578,0.9695869470616184,0.2637536373985234,0.2360236866366796,0.3424184302461044,0.08907369931053488,0.4124058361982502,0.8450545792024632,0.577471942386465,0.561091596705889,0.8764665277846045,0.7809605556783457,0.03945877170659173,0.28558175388017737,0.2596995358222055,0.9937926870134658,0.9527645894015724,0.408121335869568,0.04806277719619334,0.8389289785288111,0.05685082165537425,0.523909658589244,0.8622397511027112,0.8158114675597843,0.6345165716204828,0.7684689559993649,0.9563266432847767,0.906832261625831,0.6649261403492973,0.059767717926682895,0.2980357435852231,0.446050467895717,0.9027257675079913,0.26101269487462364,0.2919118291251841,1
0.5607451970517932,0.5725811682366106,0.6920462378033488,0.26047075549250365,0.5495695565976296,0.14319975031870158,0.4467859216478707,0.218015731062552,0.45821394572636165,0.7134969403336348,0.7735303799665414,0.436075701593716,0.16096530528620667,0.9259754077855984,0.07454792117826237,0.536397957005124,0.04528759510502356,0.3192664361260851,0.1103003731417529,0.6673603159306627,0.034885185771102445,0.4322115575822081,0.7343182394077679,0.7440084454752758,0.9478055189692389,0.7244888000020399,0.42434220565742176,0.6837489635803169,0.8215531062960079,0.1624500445762369,0.3145537553324147,0.14653287294263329,0.9479363090401809,0.46894237884428214,0.3803012369416712,0.8264493742521785,0.07231119657253271,0.7929224120454277,0.5562628746829062,0.8132538977142906,0.5695477007775128,0.31906415363990137,0.47393224262722244,0.41981904061388786,0.27899957929567876,0.44668747699630895,0.3185340355641949,0.48054911951834967,0.007536299805616209,0.33679327739234843,0
0.39291700736888446,0.6630510993370194,0.3399991878237836,0.7078723165742066,0.7964662394104564,0.2422089856463281,0.02311664043550199,0.9736637186050487,0.9786614380629753,0.4976771092376425,0.4002600866879471,0.28005603504490484,0.2852590418791675,0.7060781769974784,0.9934687374560044,0.10906357979730419,0.04005108730902751,0.5143137158863424,0.7946488924591791,0.424469061438998,0.7847636856274526,0.7000212874484145,0.4495098536493485,0.04874482815643022,0.8754686553597788,0.9693765853761865,0.26549182672059657,0.4338973589549008,0.5995517807063063,0.02878800574960616,0.417512789140536,0.25743168419106766,0.46514269490438365,0.21409325030279291,0.4666923555430418,0.9634866025037383,0.8883002164067386,0.8317598264507037,0.20384434979722388,0.7632869980050867,0.9614710670459722,0.4950083365320227,0.8913971949485793,0.12458479528744792,0.27410361137514117,0.5419790870204519,0.6609657136187336,0.45272042872749274,0.614759926747573,0.9679344233243569,0
0.45659350709493796,0.23020122521520991,0.3207030188409842,0.4729484448139011,0.5001590787933111,0.6564366711103011,0.3480154325602386,0.6700337093473426,0.014880955391117001,0.5677053949631369,0.4199071627974935,0.45725345696842923,0.27861840557967166,0.5197322198945705,0.2005875273997274,0.638450129751514,0.5981048033039792,0.9888845791873279,0.6927911883751344,0.9770427957186549,0.35243304315960045,0.4559215677942007,0.21841947651475924,0.2441500133570419,0.5641738371539812,0.7592547901941303,0.008058107760916644,0.40497852485803953,0.557513758245682,0.8855722224319101,0.1380231599705437,0.8447182309960201,0.5523839323908558,0.5740701175593574,0.3143020520140334,0.22439138386621882,0.15918805596678554,0.6629817052295401,0.932646905065905,0.7322131913349491,0.02656678617018826,0.43637658468251095,0.5741355726274413,0.6968899020870768,0.5595481308600073,0.9628156772068349,0.7550539467275035,0.5283338339367606,0.30325121602963345,0.35217876875491794,0
